category,defect_type,mask_file,image_height,image_width,total_pixels,defect_area_pixels,defect_area_percent
bottle,broken_large,000_mask.png,900,900,810000,88192,10.8879012345679
bottle,broken_large,001_mask.png,900,900,810000,76641,9.461851851851852
bottle,broken_large,002_mask.png,900,900,810000,125835,15.535185185185185
bottle,broken_large,003_mask.png,900,900,810000,222091,27.418641975308645
bottle,broken_large,004_mask.png,900,900,810000,33132,4.090370370370371
bottle,broken_large,005_mask.png,900,900,810000,33201,4.098888888888888
bottle,broken_large,006_mask.png,900,900,810000,123810,15.285185185185185
bottle,broken_large,007_mask.png,900,900,810000,130952,16.166913580246913
bottle,broken_large,008_mask.png,900,900,810000,105614,13.038765432098764
bottle,broken_large,009_mask.png,900,900,810000,70875,8.75
bottle,broken_large,010_mask.png,900,900,810000,90028,11.114567901234567
bottle,broken_large,011_mask.png,900,900,810000,60540,7.474074074074075
bottle,broken_large,012_mask.png,900,900,810000,70457,8.698395061728394
bottle,broken_large,013_mask.png,900,900,810000,109290,13.492592592592592
bottle,broken_large,014_mask.png,900,900,810000,38206,4.71679012345679
bottle,broken_large,015_mask.png,900,900,810000,75659,9.340617283950618
bottle,broken_large,016_mask.png,900,900,810000,118913,14.680617283950617
bottle,broken_large,017_mask.png,900,900,810000,114063,14.081851851851852
bottle,broken_large,018_mask.png,900,900,810000,106080,13.096296296296298
bottle,broken_large,019_mask.png,900,900,810000,102217,12.619382716049381
bottle,broken_small,000_mask.png,900,900,810000,7166,0.8846913580246915
bottle,broken_small,001_mask.png,900,900,810000,11966,1.477283950617284
bottle,broken_small,002_mask.png,900,900,810000,29456,3.636543209876543
bottle,broken_small,003_mask.png,900,900,810000,65292,8.06074074074074
bottle,broken_small,004_mask.png,900,900,810000,25926,3.200740740740741
bottle,broken_small,005_mask.png,900,900,810000,12266,1.5143209876543209
bottle,broken_small,006_mask.png,900,900,810000,21797,2.6909876543209874
bottle,broken_small,007_mask.png,900,900,810000,17046,2.1044444444444443
bottle,broken_small,008_mask.png,900,900,810000,17311,2.1371604938271607
bottle,broken_small,009_mask.png,900,900,810000,19096,2.357530864197531
bottle,broken_small,010_mask.png,900,900,810000,37177,4.589753086419753
bottle,broken_small,011_mask.png,900,900,810000,15597,1.9255555555555557
bottle,broken_small,012_mask.png,900,900,810000,63191,7.801358024691359
bottle,broken_small,013_mask.png,900,900,810000,26219,3.236913580246913
bottle,broken_small,014_mask.png,900,900,810000,14546,1.7958024691358025
bottle,broken_small,015_mask.png,900,900,810000,13480,1.6641975308641976
bottle,broken_small,016_mask.png,900,900,810000,16578,2.046666666666667
bottle,broken_small,017_mask.png,900,900,810000,20384,2.5165432098765432
bottle,broken_small,018_mask.png,900,900,810000,46314,5.717777777777778
bottle,broken_small,019_mask.png,900,900,810000,22626,2.7933333333333334
bottle,broken_small,020_mask.png,900,900,810000,28333,3.497901234567901
bottle,broken_small,021_mask.png,900,900,810000,14995,1.8512345679012345
bottle,contamination,000_mask.png,900,900,810000,58708,7.247901234567901
bottle,contamination,001_mask.png,900,900,810000,58120,7.175308641975309
bottle,contamination,002_mask.png,900,900,810000,14913,1.8411111111111111
bottle,contamination,003_mask.png,900,900,810000,21317,2.6317283950617285
bottle,contamination,004_mask.png,900,900,810000,16790,2.0728395061728393
bottle,contamination,005_mask.png,900,900,810000,99554,12.290617283950617
bottle,contamination,006_mask.png,900,900,810000,123943,15.301604938271604
bottle,contamination,007_mask.png,900,900,810000,45048,5.561481481481481
bottle,contamination,008_mask.png,900,900,810000,133876,16.527901234567903
bottle,contamination,009_mask.png,900,900,810000,111640,13.782716049382715
bottle,contamination,010_mask.png,900,900,810000,93231,11.51
bottle,contamination,011_mask.png,900,900,810000,120781,14.911234567901236
bottle,contamination,012_mask.png,900,900,810000,122608,15.13679012345679
bottle,contamination,013_mask.png,900,900,810000,41319,5.101111111111111
bottle,contamination,014_mask.png,900,900,810000,5429,0.6702469135802469
bottle,contamination,015_mask.png,900,900,810000,33779,4.170246913580248
bottle,contamination,016_mask.png,900,900,810000,122515,15.125308641975307
bottle,contamination,017_mask.png,900,900,810000,67541,8.338395061728395
bottle,contamination,018_mask.png,900,900,810000,4663,0.575679012345679
bottle,contamination,019_mask.png,900,900,810000,27013,3.3349382716049383
bottle,contamination,020_mask.png,900,900,810000,121385,14.985802469135804
cable,bent_wire,000_mask.png,1024,1024,1048576,23162,2.2089004516601562
cable,bent_wire,001_mask.png,1024,1024,1048576,15206,1.4501571655273438
cable,bent_wire,002_mask.png,1024,1024,1048576,37083,3.536510467529297
cable,bent_wire,003_mask.png,1024,1024,1048576,12881,1.2284278869628906
cable,bent_wire,004_mask.png,1024,1024,1048576,32843,3.132152557373047
cable,bent_wire,005_mask.png,1024,1024,1048576,37738,3.5989761352539062
cable,bent_wire,006_mask.png,1024,1024,1048576,40784,3.88946533203125
cable,bent_wire,007_mask.png,1024,1024,1048576,38552,3.676605224609375
cable,bent_wire,008_mask.png,1024,1024,1048576,19659,1.8748283386230469
cable,bent_wire,009_mask.png,1024,1024,1048576,38202,3.6432266235351562
cable,bent_wire,010_mask.png,1024,1024,1048576,38102,3.6336898803710938
cable,bent_wire,011_mask.png,1024,1024,1048576,119231,11.37075424194336
cable,bent_wire,012_mask.png,1024,1024,1048576,72366,6.901359558105469
cable,cable_swap,000_mask.png,1024,1024,1048576,67133,6.402301788330078
cable,cable_swap,001_mask.png,1024,1024,1048576,61514,5.866432189941406
cable,cable_swap,002_mask.png,1024,1024,1048576,57103,5.445766448974609
cable,cable_swap,003_mask.png,1024,1024,1048576,59063,5.632686614990234
cable,cable_swap,004_mask.png,1024,1024,1048576,55036,5.2486419677734375
cable,cable_swap,005_mask.png,1024,1024,1048576,65474,6.244087219238281
cable,cable_swap,006_mask.png,1024,1024,1048576,67894,6.474876403808594
cable,cable_swap,007_mask.png,1024,1024,1048576,63705,6.075382232666016
cable,cable_swap,008_mask.png,1024,1024,1048576,61687,5.882930755615234
cable,cable_swap,009_mask.png,1024,1024,1048576,58211,5.551433563232422
cable,cable_swap,010_mask.png,1024,1024,1048576,60502,5.769920349121094
cable,cable_swap,011_mask.png,1024,1024,1048576,51956,4.9549102783203125
cable,combined,000_mask.png,1024,1024,1048576,42321,4.036045074462891
cable,combined,001_mask.png,1024,1024,1048576,41285,3.937244415283203
cable,combined,002_mask.png,1024,1024,1048576,23893,2.278614044189453
cable,combined,003_mask.png,1024,1024,1048576,32849,3.1327247619628906
cable,combined,004_mask.png,1024,1024,1048576,49977,4.766178131103516
cable,combined,005_mask.png,1024,1024,1048576,148557,14.167499542236328
cable,combined,006_mask.png,1024,1024,1048576,94011,8.965587615966797
cable,combined,007_mask.png,1024,1024,1048576,77899,7.429027557373047
cable,combined,008_mask.png,1024,1024,1048576,48510,4.626274108886719
cable,combined,009_mask.png,1024,1024,1048576,92936,8.863067626953125
cable,combined,010_mask.png,1024,1024,1048576,78276,7.4649810791015625
cable,cut_inner_insulation,000_mask.png,1024,1024,1048576,33306,3.1763076782226562
cable,cut_inner_insulation,001_mask.png,1024,1024,1048576,30558,2.9142379760742188
cable,cut_inner_insulation,002_mask.png,1024,1024,1048576,26929,2.5681495666503906
cable,cut_inner_insulation,003_mask.png,1024,1024,1048576,62868,5.9955596923828125
cable,cut_inner_insulation,004_mask.png,1024,1024,1048576,44383,4.232692718505859
cable,cut_inner_insulation,005_mask.png,1024,1024,1048576,27373,2.610492706298828
cable,cut_inner_insulation,006_mask.png,1024,1024,1048576,19775,1.8858909606933594
cable,cut_inner_insulation,007_mask.png,1024,1024,1048576,41070,3.9167404174804688
cable,cut_inner_insulation,008_mask.png,1024,1024,1048576,26265,2.5048255920410156
cable,cut_inner_insulation,009_mask.png,1024,1024,1048576,61146,5.831336975097656
cable,cut_inner_insulation,010_mask.png,1024,1024,1048576,31665,3.0198097229003906
cable,cut_inner_insulation,011_mask.png,1024,1024,1048576,56332,5.3722381591796875
cable,cut_inner_insulation,012_mask.png,1024,1024,1048576,103750,9.894371032714844
cable,cut_inner_insulation,013_mask.png,1024,1024,1048576,29743,2.8365135192871094
cable,cut_outer_insulation,000_mask.png,1024,1024,1048576,23454,2.2367477416992188
cable,cut_outer_insulation,001_mask.png,1024,1024,1048576,7513,0.7164955139160156
cable,cut_outer_insulation,002_mask.png,1024,1024,1048576,14604,1.3927459716796875
cable,cut_outer_insulation,003_mask.png,1024,1024,1048576,7697,0.7340431213378906
cable,cut_outer_insulation,004_mask.png,1024,1024,1048576,24050,2.2935867309570312
cable,cut_outer_insulation,005_mask.png,1024,1024,1048576,4647,0.4431724548339844
cable,cut_outer_insulation,006_mask.png,1024,1024,1048576,11710,1.1167526245117188
cable,cut_outer_insulation,007_mask.png,1024,1024,1048576,21941,2.092456817626953
cable,cut_outer_insulation,008_mask.png,1024,1024,1048576,35537,3.3890724182128906
cable,cut_outer_insulation,009_mask.png,1024,1024,1048576,10318,0.9840011596679688
cable,missing_cable,000_mask.png,1024,1024,1048576,74489,7.103824615478516
cable,missing_cable,001_mask.png,1024,1024,1048576,71763,6.843852996826172
cable,missing_cable,002_mask.png,1024,1024,1048576,69188,6.5982818603515625
cable,missing_cable,003_mask.png,1024,1024,1048576,74858,7.139015197753906
cable,missing_cable,004_mask.png,1024,1024,1048576,77885,7.427692413330078
cable,missing_cable,005_mask.png,1024,1024,1048576,70780,6.7501068115234375
cable,missing_cable,006_mask.png,1024,1024,1048576,236776,22.580718994140625
cable,missing_cable,007_mask.png,1024,1024,1048576,158927,15.15645980834961
cable,missing_cable,008_mask.png,1024,1024,1048576,144175,13.74959945678711
cable,missing_cable,009_mask.png,1024,1024,1048576,151277,14.426898956298828
cable,missing_cable,010_mask.png,1024,1024,1048576,84372,8.046340942382812
cable,missing_cable,011_mask.png,1024,1024,1048576,77245,7.366657257080078
cable,missing_wire,000_mask.png,1024,1024,1048576,24951,2.3795127868652344
cable,missing_wire,001_mask.png,1024,1024,1048576,16616,1.584625244140625
cable,missing_wire,002_mask.png,1024,1024,1048576,15156,1.4453887939453125
cable,missing_wire,003_mask.png,1024,1024,1048576,40701,3.881549835205078
cable,missing_wire,004_mask.png,1024,1024,1048576,38640,3.68499755859375
cable,missing_wire,005_mask.png,1024,1024,1048576,18712,1.784515380859375
cable,missing_wire,006_mask.png,1024,1024,1048576,18399,1.7546653747558594
cable,missing_wire,007_mask.png,1024,1024,1048576,18838,1.7965316772460938
cable,missing_wire,008_mask.png,1024,1024,1048576,18820,1.7948150634765625
cable,missing_wire,009_mask.png,1024,1024,1048576,20485,1.9536018371582031
cable,poke_insulation,000_mask.png,1024,1024,1048576,8620,0.8220672607421875
cable,poke_insulation,001_mask.png,1024,1024,1048576,31427,2.997112274169922
cable,poke_insulation,002_mask.png,1024,1024,1048576,1506,0.14362335205078125
cable,poke_insulation,003_mask.png,1024,1024,1048576,13376,1.275634765625
cable,poke_insulation,004_mask.png,1024,1024,1048576,31573,3.011035919189453
cable,poke_insulation,005_mask.png,1024,1024,1048576,6611,0.6304740905761719
cable,poke_insulation,006_mask.png,1024,1024,1048576,27740,2.6454925537109375
cable,poke_insulation,007_mask.png,1024,1024,1048576,51028,4.8664093017578125
cable,poke_insulation,008_mask.png,1024,1024,1048576,41654,3.9724349975585938
cable,poke_insulation,009_mask.png,1024,1024,1048576,37053,3.533649444580078
capsule,crack,000_mask.png,1000,1000,1000000,2494,0.2494
capsule,crack,001_mask.png,1000,1000,1000000,23268,2.3268
capsule,crack,002_mask.png,1000,1000,1000000,2118,0.21180000000000002
capsule,crack,003_mask.png,1000,1000,1000000,3459,0.3459
capsule,crack,004_mask.png,1000,1000,1000000,3043,0.3043
capsule,crack,005_mask.png,1000,1000,1000000,4351,0.4351
capsule,crack,006_mask.png,1000,1000,1000000,5236,0.5236000000000001
capsule,crack,007_mask.png,1000,1000,1000000,4835,0.4835
capsule,crack,008_mask.png,1000,1000,1000000,2750,0.27499999999999997
capsule,crack,009_mask.png,1000,1000,1000000,5359,0.5359
capsule,crack,010_mask.png,1000,1000,1000000,17974,1.7974
capsule,crack,011_mask.png,1000,1000,1000000,5428,0.5428
capsule,crack,012_mask.png,1000,1000,1000000,3416,0.3416
capsule,crack,013_mask.png,1000,1000,1000000,903,0.0903
capsule,crack,014_mask.png,1000,1000,1000000,991,0.0991
capsule,crack,015_mask.png,1000,1000,1000000,11638,1.1638000000000002
capsule,crack,016_mask.png,1000,1000,1000000,1993,0.1993
capsule,crack,017_mask.png,1000,1000,1000000,4812,0.4812
capsule,crack,018_mask.png,1000,1000,1000000,2820,0.28200000000000003
capsule,crack,019_mask.png,1000,1000,1000000,2759,0.27590000000000003
capsule,crack,020_mask.png,1000,1000,1000000,684,0.0684
capsule,crack,021_mask.png,1000,1000,1000000,371,0.0371
capsule,crack,022_mask.png,1000,1000,1000000,731,0.0731
capsule,faulty_imprint,000_mask.png,1000,1000,1000000,2672,0.2672
capsule,faulty_imprint,001_mask.png,1000,1000,1000000,2289,0.2289
capsule,faulty_imprint,002_mask.png,1000,1000,1000000,2789,0.2789
capsule,faulty_imprint,003_mask.png,1000,1000,1000000,1992,0.1992
capsule,faulty_imprint,004_mask.png,1000,1000,1000000,41291,4.1291
capsule,faulty_imprint,005_mask.png,1000,1000,1000000,39240,3.9239999999999995
capsule,faulty_imprint,006_mask.png,1000,1000,1000000,2705,0.2705
capsule,faulty_imprint,007_mask.png,1000,1000,1000000,2771,0.2771
capsule,faulty_imprint,008_mask.png,1000,1000,1000000,3014,0.3014
capsule,faulty_imprint,009_mask.png,1000,1000,1000000,2529,0.2529
capsule,faulty_imprint,010_mask.png,1000,1000,1000000,2810,0.281
capsule,faulty_imprint,011_mask.png,1000,1000,1000000,1417,0.14170000000000002
capsule,faulty_imprint,012_mask.png,1000,1000,1000000,6467,0.6466999999999999
capsule,faulty_imprint,013_mask.png,1000,1000,1000000,3112,0.31120000000000003
capsule,faulty_imprint,014_mask.png,1000,1000,1000000,5727,0.5727
capsule,faulty_imprint,015_mask.png,1000,1000,1000000,2001,0.20010000000000003
capsule,faulty_imprint,016_mask.png,1000,1000,1000000,2247,0.22469999999999998
capsule,faulty_imprint,017_mask.png,1000,1000,1000000,3280,0.328
capsule,faulty_imprint,018_mask.png,1000,1000,1000000,2149,0.21489999999999998
capsule,faulty_imprint,019_mask.png,1000,1000,1000000,1627,0.1627
capsule,faulty_imprint,020_mask.png,1000,1000,1000000,3458,0.3458
capsule,faulty_imprint,021_mask.png,1000,1000,1000000,3213,0.32130000000000003
capsule,poke,000_mask.png,1000,1000,1000000,12289,1.2288999999999999
capsule,poke,001_mask.png,1000,1000,1000000,1926,0.1926
capsule,poke,002_mask.png,1000,1000,1000000,1577,0.1577
capsule,poke,003_mask.png,1000,1000,1000000,1901,0.1901
capsule,poke,004_mask.png,1000,1000,1000000,5226,0.5226
capsule,poke,005_mask.png,1000,1000,1000000,997,0.09970000000000001
capsule,poke,006_mask.png,1000,1000,1000000,1607,0.16069999999999998
capsule,poke,007_mask.png,1000,1000,1000000,695,0.06949999999999999
capsule,poke,008_mask.png,1000,1000,1000000,5162,0.5162
capsule,poke,009_mask.png,1000,1000,1000000,2253,0.22529999999999997
capsule,poke,010_mask.png,1000,1000,1000000,1960,0.196
capsule,poke,011_mask.png,1000,1000,1000000,2714,0.2714
capsule,poke,012_mask.png,1000,1000,1000000,2906,0.2906
capsule,poke,013_mask.png,1000,1000,1000000,2479,0.24789999999999998
capsule,poke,014_mask.png,1000,1000,1000000,3589,0.3589
capsule,poke,015_mask.png,1000,1000,1000000,4295,0.4295
capsule,poke,016_mask.png,1000,1000,1000000,1318,0.1318
capsule,poke,017_mask.png,1000,1000,1000000,1274,0.12739999999999999
capsule,poke,018_mask.png,1000,1000,1000000,2276,0.22759999999999997
capsule,poke,019_mask.png,1000,1000,1000000,2135,0.21350000000000002
capsule,poke,020_mask.png,1000,1000,1000000,2743,0.27430000000000004
capsule,scratch,000_mask.png,1000,1000,1000000,3260,0.326
capsule,scratch,001_mask.png,1000,1000,1000000,6448,0.6447999999999999
capsule,scratch,002_mask.png,1000,1000,1000000,5762,0.5761999999999999
capsule,scratch,003_mask.png,1000,1000,1000000,8001,0.8000999999999999
capsule,scratch,004_mask.png,1000,1000,1000000,10398,1.0397999999999998
capsule,scratch,005_mask.png,1000,1000,1000000,2965,0.29650000000000004
capsule,scratch,006_mask.png,1000,1000,1000000,8496,0.8496
capsule,scratch,007_mask.png,1000,1000,1000000,5954,0.5954
capsule,scratch,008_mask.png,1000,1000,1000000,6350,0.635
capsule,scratch,009_mask.png,1000,1000,1000000,9587,0.9587
capsule,scratch,010_mask.png,1000,1000,1000000,7296,0.7296
capsule,scratch,011_mask.png,1000,1000,1000000,6366,0.6366
capsule,scratch,012_mask.png,1000,1000,1000000,4424,0.4424
capsule,scratch,013_mask.png,1000,1000,1000000,3090,0.309
capsule,scratch,014_mask.png,1000,1000,1000000,15261,1.5261
capsule,scratch,015_mask.png,1000,1000,1000000,12196,1.2196
capsule,scratch,016_mask.png,1000,1000,1000000,5528,0.5528
capsule,scratch,017_mask.png,1000,1000,1000000,4649,0.46490000000000004
capsule,scratch,018_mask.png,1000,1000,1000000,5811,0.5811000000000001
capsule,scratch,019_mask.png,1000,1000,1000000,9149,0.9148999999999999
capsule,scratch,020_mask.png,1000,1000,1000000,5139,0.5139
capsule,scratch,021_mask.png,1000,1000,1000000,4301,0.43010000000000004
capsule,scratch,022_mask.png,1000,1000,1000000,14396,1.4396
capsule,squeeze,000_mask.png,1000,1000,1000000,76945,7.6945
capsule,squeeze,001_mask.png,1000,1000,1000000,50215,5.0215000000000005
capsule,squeeze,002_mask.png,1000,1000,1000000,1881,0.18810000000000002
capsule,squeeze,003_mask.png,1000,1000,1000000,3413,0.3413
capsule,squeeze,004_mask.png,1000,1000,1000000,5830,0.583
capsule,squeeze,005_mask.png,1000,1000,1000000,5820,0.582
capsule,squeeze,006_mask.png,1000,1000,1000000,70635,7.0635
capsule,squeeze,007_mask.png,1000,1000,1000000,66178,6.6178
capsule,squeeze,008_mask.png,1000,1000,1000000,31191,3.1191
capsule,squeeze,009_mask.png,1000,1000,1000000,48392,4.8392
capsule,squeeze,010_mask.png,1000,1000,1000000,11767,1.1766999999999999
capsule,squeeze,011_mask.png,1000,1000,1000000,61876,6.1876
capsule,squeeze,012_mask.png,1000,1000,1000000,64136,6.4136
capsule,squeeze,013_mask.png,1000,1000,1000000,21950,2.1950000000000003
capsule,squeeze,014_mask.png,1000,1000,1000000,80787,8.0787
capsule,squeeze,015_mask.png,1000,1000,1000000,23973,2.3973
capsule,squeeze,016_mask.png,1000,1000,1000000,80278,8.027800000000001
capsule,squeeze,017_mask.png,1000,1000,1000000,5786,0.5786
capsule,squeeze,018_mask.png,1000,1000,1000000,11339,1.1339
capsule,squeeze,019_mask.png,1000,1000,1000000,9902,0.9902
carpet,color,000_mask.png,1024,1024,1048576,61549,5.869770050048828
carpet,color,001_mask.png,1024,1024,1048576,21751,2.0743370056152344
carpet,color,002_mask.png,1024,1024,1048576,25300,2.4127960205078125
carpet,color,003_mask.png,1024,1024,1048576,12315,1.1744499206542969
carpet,color,004_mask.png,1024,1024,1048576,21746,2.0738601684570312
carpet,color,005_mask.png,1024,1024,1048576,17148,1.6353607177734375
carpet,color,006_mask.png,1024,1024,1048576,25289,2.4117469787597656
carpet,color,007_mask.png,1024,1024,1048576,16468,1.5705108642578125
carpet,color,008_mask.png,1024,1024,1048576,65771,6.272411346435547
carpet,color,009_mask.png,1024,1024,1048576,32562,3.1053543090820312
carpet,color,010_mask.png,1024,1024,1048576,22009,2.0989418029785156
carpet,color,011_mask.png,1024,1024,1048576,3665,0.3495216369628906
carpet,color,012_mask.png,1024,1024,1048576,6846,0.6528854370117188
carpet,color,013_mask.png,1024,1024,1048576,4309,0.4109382629394531
carpet,color,014_mask.png,1024,1024,1048576,5934,0.5659103393554688
carpet,color,015_mask.png,1024,1024,1048576,7254,0.6917953491210938
carpet,color,016_mask.png,1024,1024,1048576,9409,0.8973121643066406
carpet,color,017_mask.png,1024,1024,1048576,9088,0.86669921875
carpet,color,018_mask.png,1024,1024,1048576,4613,0.4399299621582031
carpet,cut,000_mask.png,1024,1024,1048576,60295,5.750179290771484
carpet,cut,001_mask.png,1024,1024,1048576,35397,3.375720977783203
carpet,cut,002_mask.png,1024,1024,1048576,40965,3.906726837158203
carpet,cut,003_mask.png,1024,1024,1048576,42374,4.041099548339844
carpet,cut,004_mask.png,1024,1024,1048576,33337,3.1792640686035156
carpet,cut,005_mask.png,1024,1024,1048576,33329,3.1785011291503906
carpet,cut,006_mask.png,1024,1024,1048576,48201,4.596805572509766
carpet,cut,007_mask.png,1024,1024,1048576,45571,4.345989227294922
carpet,cut,008_mask.png,1024,1024,1048576,40279,3.8413047790527344
carpet,cut,009_mask.png,1024,1024,1048576,84065,8.01706314086914
carpet,cut,010_mask.png,1024,1024,1048576,56995,5.435466766357422
carpet,cut,011_mask.png,1024,1024,1048576,54189,5.167865753173828
carpet,cut,012_mask.png,1024,1024,1048576,76542,7.299613952636719
carpet,cut,013_mask.png,1024,1024,1048576,60851,5.803203582763672
carpet,cut,014_mask.png,1024,1024,1048576,40449,3.8575172424316406
carpet,cut,015_mask.png,1024,1024,1048576,73025,6.964206695556641
carpet,cut,016_mask.png,1024,1024,1048576,44284,4.2232513427734375
carpet,hole,000_mask.png,1024,1024,1048576,12393,1.1818885803222656
carpet,hole,001_mask.png,1024,1024,1048576,7035,0.6709098815917969
carpet,hole,002_mask.png,1024,1024,1048576,18762,1.7892837524414062
carpet,hole,003_mask.png,1024,1024,1048576,29732,2.8354644775390625
carpet,hole,004_mask.png,1024,1024,1048576,16118,1.5371322631835938
carpet,hole,005_mask.png,1024,1024,1048576,29754,2.8375625610351562
carpet,hole,006_mask.png,1024,1024,1048576,29883,2.849864959716797
carpet,hole,007_mask.png,1024,1024,1048576,34738,3.3128738403320312
carpet,hole,008_mask.png,1024,1024,1048576,39410,3.7584304809570312
carpet,hole,009_mask.png,1024,1024,1048576,59095,5.635738372802734
carpet,hole,010_mask.png,1024,1024,1048576,15811,1.5078544616699219
carpet,hole,011_mask.png,1024,1024,1048576,15474,1.4757156372070312
carpet,hole,012_mask.png,1024,1024,1048576,21398,2.0406723022460938
carpet,hole,013_mask.png,1024,1024,1048576,19255,1.8362998962402344
carpet,hole,014_mask.png,1024,1024,1048576,13023,1.2419700622558594
carpet,hole,015_mask.png,1024,1024,1048576,13329,1.2711524963378906
carpet,hole,016_mask.png,1024,1024,1048576,25899,2.469921112060547
carpet,metal_contamination,000_mask.png,1024,1024,1048576,1730,0.16498565673828125
carpet,metal_contamination,001_mask.png,1024,1024,1048576,3342,0.31871795654296875
carpet,metal_contamination,002_mask.png,1024,1024,1048576,6063,0.5782127380371094
carpet,metal_contamination,003_mask.png,1024,1024,1048576,3476,0.3314971923828125
carpet,metal_contamination,004_mask.png,1024,1024,1048576,5803,0.5534172058105469
carpet,metal_contamination,005_mask.png,1024,1024,1048576,9758,0.9305953979492188
carpet,metal_contamination,006_mask.png,1024,1024,1048576,4681,0.4464149475097656
carpet,metal_contamination,007_mask.png,1024,1024,1048576,14139,1.3484001159667969
carpet,metal_contamination,008_mask.png,1024,1024,1048576,5846,0.5575180053710938
carpet,metal_contamination,009_mask.png,1024,1024,1048576,4669,0.4452705383300781
carpet,metal_contamination,010_mask.png,1024,1024,1048576,6346,0.6052017211914062
carpet,metal_contamination,011_mask.png,1024,1024,1048576,3340,0.3185272216796875
carpet,metal_contamination,012_mask.png,1024,1024,1048576,3785,0.3609657287597656
carpet,metal_contamination,013_mask.png,1024,1024,1048576,3144,0.299835205078125
carpet,metal_contamination,014_mask.png,1024,1024,1048576,3065,0.2923011779785156
carpet,metal_contamination,015_mask.png,1024,1024,1048576,4089,0.3899574279785156
carpet,metal_contamination,016_mask.png,1024,1024,1048576,3303,0.3149986267089844
carpet,thread,000_mask.png,1024,1024,1048576,6723,0.6411552429199219
carpet,thread,001_mask.png,1024,1024,1048576,3116,0.2971649169921875
carpet,thread,002_mask.png,1024,1024,1048576,4649,0.4433631896972656
carpet,thread,003_mask.png,1024,1024,1048576,1894,0.18062591552734375
carpet,thread,004_mask.png,1024,1024,1048576,15043,1.4346122741699219
carpet,thread,005_mask.png,1024,1024,1048576,17830,1.7004013061523438
carpet,thread,006_mask.png,1024,1024,1048576,21433,2.0440101623535156
carpet,thread,007_mask.png,1024,1024,1048576,9008,0.85906982421875
carpet,thread,008_mask.png,1024,1024,1048576,26369,2.5147438049316406
carpet,thread,009_mask.png,1024,1024,1048576,2060,0.1964569091796875
carpet,thread,010_mask.png,1024,1024,1048576,6409,0.6112098693847656
carpet,thread,011_mask.png,1024,1024,1048576,3389,0.3232002258300781
carpet,thread,012_mask.png,1024,1024,1048576,29242,2.7887344360351562
carpet,thread,013_mask.png,1024,1024,1048576,55773,5.318927764892578
carpet,thread,014_mask.png,1024,1024,1048576,5452,0.5199432373046875
carpet,thread,015_mask.png,1024,1024,1048576,6667,0.6358146667480469
carpet,thread,016_mask.png,1024,1024,1048576,5040,0.48065185546875
carpet,thread,017_mask.png,1024,1024,1048576,10636,1.0143280029296875
carpet,thread,018_mask.png,1024,1024,1048576,4199,0.4004478454589844
grid,bent,000_mask.png,1024,1024,1048576,5460,0.5207061767578125
grid,bent,001_mask.png,1024,1024,1048576,4554,0.43430328369140625
grid,bent,002_mask.png,1024,1024,1048576,4315,0.4115104675292969
grid,bent,003_mask.png,1024,1024,1048576,7860,0.7495880126953125
grid,bent,004_mask.png,1024,1024,1048576,8709,0.8305549621582031
grid,bent,005_mask.png,1024,1024,1048576,14959,1.4266014099121094
grid,bent,006_mask.png,1024,1024,1048576,22629,2.158069610595703
grid,bent,007_mask.png,1024,1024,1048576,11967,1.1412620544433594
grid,bent,008_mask.png,1024,1024,1048576,6220,0.5931854248046875
grid,bent,009_mask.png,1024,1024,1048576,14468,1.3797760009765625
grid,bent,010_mask.png,1024,1024,1048576,19594,1.8686294555664062
grid,bent,011_mask.png,1024,1024,1048576,15136,1.4434814453125
grid,broken,000_mask.png,1024,1024,1048576,7428,0.7083892822265625
grid,broken,001_mask.png,1024,1024,1048576,24376,2.324676513671875
grid,broken,002_mask.png,1024,1024,1048576,2682,0.25577545166015625
grid,broken,003_mask.png,1024,1024,1048576,11860,1.1310577392578125
grid,broken,004_mask.png,1024,1024,1048576,4616,0.440216064453125
grid,broken,005_mask.png,1024,1024,1048576,6628,0.6320953369140625
grid,broken,006_mask.png,1024,1024,1048576,5489,0.5234718322753906
grid,broken,007_mask.png,1024,1024,1048576,4852,0.4627227783203125
grid,broken,008_mask.png,1024,1024,1048576,4135,0.3943443298339844
grid,broken,009_mask.png,1024,1024,1048576,6307,0.6014823913574219
grid,broken,010_mask.png,1024,1024,1048576,5170,0.49304962158203125
grid,broken,011_mask.png,1024,1024,1048576,4002,0.38166046142578125
grid,glue,000_mask.png,1024,1024,1048576,5771,0.5503654479980469
grid,glue,001_mask.png,1024,1024,1048576,5019,0.4786491394042969
grid,glue,002_mask.png,1024,1024,1048576,5399,0.5148887634277344
grid,glue,003_mask.png,1024,1024,1048576,4794,0.45719146728515625
grid,glue,004_mask.png,1024,1024,1048576,7696,0.73394775390625
grid,glue,005_mask.png,1024,1024,1048576,2542,0.24242401123046875
grid,glue,006_mask.png,1024,1024,1048576,4838,0.46138763427734375
grid,glue,007_mask.png,1024,1024,1048576,5125,0.4887580871582031
grid,glue,008_mask.png,1024,1024,1048576,2384,0.22735595703125
grid,glue,009_mask.png,1024,1024,1048576,6548,0.6244659423828125
grid,glue,010_mask.png,1024,1024,1048576,6811,0.6495475769042969
grid,metal_contamination,000_mask.png,1024,1024,1048576,2624,0.250244140625
grid,metal_contamination,001_mask.png,1024,1024,1048576,7452,0.7106781005859375
grid,metal_contamination,002_mask.png,1024,1024,1048576,4647,0.4431724548339844
grid,metal_contamination,003_mask.png,1024,1024,1048576,8548,0.8152008056640625
grid,metal_contamination,004_mask.png,1024,1024,1048576,4391,0.4187583923339844
grid,metal_contamination,005_mask.png,1024,1024,1048576,4072,0.388336181640625
grid,metal_contamination,006_mask.png,1024,1024,1048576,3131,0.2985954284667969
grid,metal_contamination,007_mask.png,1024,1024,1048576,1976,0.188446044921875
grid,metal_contamination,008_mask.png,1024,1024,1048576,4243,0.4046440124511719
grid,metal_contamination,009_mask.png,1024,1024,1048576,4249,0.4052162170410156
grid,metal_contamination,010_mask.png,1024,1024,1048576,5163,0.4923820495605469
grid,thread,000_mask.png,1024,1024,1048576,7354,0.7013320922851562
grid,thread,001_mask.png,1024,1024,1048576,14256,1.35955810546875
grid,thread,002_mask.png,1024,1024,1048576,15995,1.5254020690917969
grid,thread,003_mask.png,1024,1024,1048576,18349,1.7498970031738281
grid,thread,004_mask.png,1024,1024,1048576,32883,3.135967254638672
grid,thread,005_mask.png,1024,1024,1048576,15724,1.4995574951171875
grid,thread,006_mask.png,1024,1024,1048576,16043,1.5299797058105469
grid,thread,007_mask.png,1024,1024,1048576,33899,3.232860565185547
grid,thread,008_mask.png,1024,1024,1048576,37555,3.581523895263672
grid,thread,009_mask.png,1024,1024,1048576,16580,1.5811920166015625
grid,thread,010_mask.png,1024,1024,1048576,25467,2.428722381591797
hazelnut,crack,000_mask.png,1024,1024,1048576,66262,6.319236755371094
hazelnut,crack,001_mask.png,1024,1024,1048576,66479,6.339931488037109
hazelnut,crack,002_mask.png,1024,1024,1048576,13434,1.2811660766601562
hazelnut,crack,003_mask.png,1024,1024,1048576,22632,2.158355712890625
hazelnut,crack,004_mask.png,1024,1024,1048576,28420,2.7103424072265625
hazelnut,crack,005_mask.png,1024,1024,1048576,16317,1.5561103820800781
hazelnut,crack,006_mask.png,1024,1024,1048576,42808,4.082489013671875
hazelnut,crack,007_mask.png,1024,1024,1048576,234892,22.401046752929688
hazelnut,crack,008_mask.png,1024,1024,1048576,146408,13.962554931640625
hazelnut,crack,009_mask.png,1024,1024,1048576,251942,24.027061462402344
hazelnut,crack,010_mask.png,1024,1024,1048576,290021,27.658557891845703
hazelnut,crack,011_mask.png,1024,1024,1048576,80208,7.64923095703125
hazelnut,crack,012_mask.png,1024,1024,1048576,16584,1.581573486328125
hazelnut,crack,013_mask.png,1024,1024,1048576,16456,1.569366455078125
hazelnut,crack,014_mask.png,1024,1024,1048576,23082,2.2012710571289062
hazelnut,crack,015_mask.png,1024,1024,1048576,55765,5.318164825439453
hazelnut,crack,016_mask.png,1024,1024,1048576,30315,2.891063690185547
hazelnut,crack,017_mask.png,1024,1024,1048576,183595,17.508983612060547
hazelnut,cut,000_mask.png,1024,1024,1048576,4168,0.397491455078125
hazelnut,cut,001_mask.png,1024,1024,1048576,16388,1.5628814697265625
hazelnut,cut,002_mask.png,1024,1024,1048576,6489,0.6188392639160156
hazelnut,cut,003_mask.png,1024,1024,1048576,5618,0.5357742309570312
hazelnut,cut,004_mask.png,1024,1024,1048576,11200,1.068115234375
hazelnut,cut,005_mask.png,1024,1024,1048576,6586,0.6280899047851562
hazelnut,cut,006_mask.png,1024,1024,1048576,10732,1.0234832763671875
hazelnut,cut,007_mask.png,1024,1024,1048576,6952,0.662994384765625
hazelnut,cut,008_mask.png,1024,1024,1048576,21145,2.0165443420410156
hazelnut,cut,009_mask.png,1024,1024,1048576,10831,1.0329246520996094
hazelnut,cut,010_mask.png,1024,1024,1048576,6037,0.5757331848144531
hazelnut,cut,011_mask.png,1024,1024,1048576,6604,0.6298065185546875
hazelnut,cut,012_mask.png,1024,1024,1048576,8760,0.835418701171875
hazelnut,cut,013_mask.png,1024,1024,1048576,11223,1.0703086853027344
hazelnut,cut,014_mask.png,1024,1024,1048576,6144,0.5859375
hazelnut,cut,015_mask.png,1024,1024,1048576,9185,0.8759498596191406
hazelnut,cut,016_mask.png,1024,1024,1048576,8242,0.7860183715820312
hazelnut,hole,000_mask.png,1024,1024,1048576,14373,1.3707160949707031
hazelnut,hole,001_mask.png,1024,1024,1048576,4231,0.4034996032714844
hazelnut,hole,002_mask.png,1024,1024,1048576,7308,0.6969451904296875
hazelnut,hole,003_mask.png,1024,1024,1048576,9242,0.8813858032226562
hazelnut,hole,004_mask.png,1024,1024,1048576,11881,1.1330604553222656
hazelnut,hole,005_mask.png,1024,1024,1048576,12519,1.1939048767089844
hazelnut,hole,006_mask.png,1024,1024,1048576,13410,1.2788772583007812
hazelnut,hole,007_mask.png,1024,1024,1048576,2442,0.23288726806640625
hazelnut,hole,008_mask.png,1024,1024,1048576,5511,0.5255699157714844
hazelnut,hole,009_mask.png,1024,1024,1048576,9068,0.8647918701171875
hazelnut,hole,010_mask.png,1024,1024,1048576,14880,1.4190673828125
hazelnut,hole,011_mask.png,1024,1024,1048576,13478,1.2853622436523438
hazelnut,hole,012_mask.png,1024,1024,1048576,16808,1.602935791015625
hazelnut,hole,013_mask.png,1024,1024,1048576,24372,2.3242950439453125
hazelnut,hole,014_mask.png,1024,1024,1048576,27842,2.6552200317382812
hazelnut,hole,015_mask.png,1024,1024,1048576,6690,0.6380081176757812
hazelnut,hole,016_mask.png,1024,1024,1048576,30772,2.9346466064453125
hazelnut,hole,017_mask.png,1024,1024,1048576,26873,2.5628089904785156
hazelnut,print,000_mask.png,1024,1024,1048576,39682,3.7843704223632812
hazelnut,print,001_mask.png,1024,1024,1048576,26844,2.5600433349609375
hazelnut,print,002_mask.png,1024,1024,1048576,19830,1.8911361694335938
hazelnut,print,003_mask.png,1024,1024,1048576,18439,1.7584800720214844
hazelnut,print,004_mask.png,1024,1024,1048576,32196,3.0704498291015625
hazelnut,print,005_mask.png,1024,1024,1048576,17078,1.6286849975585938
hazelnut,print,006_mask.png,1024,1024,1048576,31697,3.0228614807128906
hazelnut,print,007_mask.png,1024,1024,1048576,21320,2.033233642578125
hazelnut,print,008_mask.png,1024,1024,1048576,28795,2.746105194091797
hazelnut,print,009_mask.png,1024,1024,1048576,30884,2.9453277587890625
hazelnut,print,010_mask.png,1024,1024,1048576,25541,2.435779571533203
hazelnut,print,011_mask.png,1024,1024,1048576,50619,4.827404022216797
hazelnut,print,012_mask.png,1024,1024,1048576,20185,1.9249916076660156
hazelnut,print,013_mask.png,1024,1024,1048576,20164,1.9229888916015625
hazelnut,print,014_mask.png,1024,1024,1048576,22566,2.1520614624023438
hazelnut,print,015_mask.png,1024,1024,1048576,15902,1.5165328979492188
hazelnut,print,016_mask.png,1024,1024,1048576,46948,4.4773101806640625
leather,color,000_mask.png,1024,1024,1048576,5092,0.4856109619140625
leather,color,001_mask.png,1024,1024,1048576,2186,0.20847320556640625
leather,color,002_mask.png,1024,1024,1048576,5790,0.5521774291992188
leather,color,003_mask.png,1024,1024,1048576,5320,0.507354736328125
leather,color,004_mask.png,1024,1024,1048576,7240,0.690460205078125
leather,color,005_mask.png,1024,1024,1048576,1999,0.19063949584960938
leather,color,006_mask.png,1024,1024,1048576,929,0.08859634399414062
leather,color,007_mask.png,1024,1024,1048576,2532,0.2414703369140625
leather,color,008_mask.png,1024,1024,1048576,13452,1.2828826904296875
leather,color,009_mask.png,1024,1024,1048576,4881,0.4654884338378906
leather,color,010_mask.png,1024,1024,1048576,1659,0.15821456909179688
leather,color,011_mask.png,1024,1024,1048576,2599,0.24785995483398438
leather,color,012_mask.png,1024,1024,1048576,2366,0.22563934326171875
leather,color,013_mask.png,1024,1024,1048576,3963,0.3779411315917969
leather,color,014_mask.png,1024,1024,1048576,2123,0.20246505737304688
leather,color,015_mask.png,1024,1024,1048576,8211,0.7830619812011719
leather,color,016_mask.png,1024,1024,1048576,1607,0.15325546264648438
leather,color,017_mask.png,1024,1024,1048576,9973,0.9510993957519531
leather,color,018_mask.png,1024,1024,1048576,1411,0.13456344604492188
leather,cut,000_mask.png,1024,1024,1048576,1329,0.12674331665039062
leather,cut,001_mask.png,1024,1024,1048576,4334,0.41332244873046875
leather,cut,002_mask.png,1024,1024,1048576,1042,0.09937286376953125
leather,cut,003_mask.png,1024,1024,1048576,12879,1.2282371520996094
leather,cut,004_mask.png,1024,1024,1048576,8283,0.7899284362792969
leather,cut,005_mask.png,1024,1024,1048576,2605,0.24843215942382812
leather,cut,006_mask.png,1024,1024,1048576,4798,0.45757293701171875
leather,cut,007_mask.png,1024,1024,1048576,4214,0.40187835693359375
leather,cut,008_mask.png,1024,1024,1048576,3763,0.3588676452636719
leather,cut,009_mask.png,1024,1024,1048576,1637,0.15611648559570312
leather,cut,010_mask.png,1024,1024,1048576,1782,0.16994476318359375
leather,cut,011_mask.png,1024,1024,1048576,2178,0.20771026611328125
leather,cut,012_mask.png,1024,1024,1048576,3265,0.3113746643066406
leather,cut,013_mask.png,1024,1024,1048576,6936,0.661468505859375
leather,cut,014_mask.png,1024,1024,1048576,3359,0.3203392028808594
leather,cut,015_mask.png,1024,1024,1048576,3973,0.3788948059082031
leather,cut,016_mask.png,1024,1024,1048576,7875,0.7510185241699219
leather,cut,017_mask.png,1024,1024,1048576,7382,0.7040023803710938
leather,cut,018_mask.png,1024,1024,1048576,17782,1.6958236694335938
leather,fold,000_mask.png,1024,1024,1048576,9203,0.8776664733886719
leather,fold,001_mask.png,1024,1024,1048576,9251,0.8822441101074219
leather,fold,002_mask.png,1024,1024,1048576,11006,1.0496139526367188
leather,fold,003_mask.png,1024,1024,1048576,13236,1.2622833251953125
leather,fold,004_mask.png,1024,1024,1048576,42444,4.0477752685546875
leather,fold,005_mask.png,1024,1024,1048576,44935,4.285335540771484
leather,fold,006_mask.png,1024,1024,1048576,20690,1.9731521606445312
leather,fold,007_mask.png,1024,1024,1048576,42878,4.089164733886719
leather,fold,008_mask.png,1024,1024,1048576,16262,1.5508651733398438
leather,fold,009_mask.png,1024,1024,1048576,71926,6.859397888183594
leather,fold,010_mask.png,1024,1024,1048576,38040,3.627777099609375
leather,fold,011_mask.png,1024,1024,1048576,13265,1.2650489807128906
leather,fold,012_mask.png,1024,1024,1048576,17588,1.6773223876953125
leather,fold,013_mask.png,1024,1024,1048576,8872,0.846099853515625
leather,fold,014_mask.png,1024,1024,1048576,17465,1.6655921936035156
leather,fold,015_mask.png,1024,1024,1048576,35628,3.3977508544921875
leather,fold,016_mask.png,1024,1024,1048576,34877,3.326129913330078
leather,glue,000_mask.png,1024,1024,1048576,17707,1.6886711120605469
leather,glue,001_mask.png,1024,1024,1048576,8369,0.7981300354003906
leather,glue,002_mask.png,1024,1024,1048576,5239,0.4996299743652344
leather,glue,003_mask.png,1024,1024,1048576,18346,1.7496109008789062
leather,glue,004_mask.png,1024,1024,1048576,1751,0.16698837280273438
leather,glue,005_mask.png,1024,1024,1048576,15419,1.4704704284667969
leather,glue,006_mask.png,1024,1024,1048576,7862,0.7497787475585938
leather,glue,007_mask.png,1024,1024,1048576,5041,0.4807472229003906
leather,glue,008_mask.png,1024,1024,1048576,8212,0.7831573486328125
leather,glue,009_mask.png,1024,1024,1048576,3755,0.3581047058105469
leather,glue,010_mask.png,1024,1024,1048576,3207,0.3058433532714844
leather,glue,011_mask.png,1024,1024,1048576,2737,0.2610206604003906
leather,glue,012_mask.png,1024,1024,1048576,6417,0.6119728088378906
leather,glue,013_mask.png,1024,1024,1048576,16759,1.5982627868652344
leather,glue,014_mask.png,1024,1024,1048576,5036,0.4802703857421875
leather,glue,015_mask.png,1024,1024,1048576,7059,0.6731986999511719
leather,glue,016_mask.png,1024,1024,1048576,9097,0.8675575256347656
leather,glue,017_mask.png,1024,1024,1048576,17716,1.6895294189453125
leather,glue,018_mask.png,1024,1024,1048576,5422,0.5170822143554688
leather,poke,000_mask.png,1024,1024,1048576,1608,0.153350830078125
leather,poke,001_mask.png,1024,1024,1048576,3685,0.3514289855957031
leather,poke,002_mask.png,1024,1024,1048576,4244,0.4047393798828125
leather,poke,003_mask.png,1024,1024,1048576,2677,0.2552986145019531
leather,poke,004_mask.png,1024,1024,1048576,2115,0.20170211791992188
leather,poke,005_mask.png,1024,1024,1048576,1919,0.18301010131835938
leather,poke,006_mask.png,1024,1024,1048576,3009,0.2869606018066406
leather,poke,007_mask.png,1024,1024,1048576,2298,0.21915435791015625
leather,poke,008_mask.png,1024,1024,1048576,2167,0.20666122436523438
leather,poke,009_mask.png,1024,1024,1048576,3357,0.3201484680175781
leather,poke,010_mask.png,1024,1024,1048576,2308,0.2201080322265625
leather,poke,011_mask.png,1024,1024,1048576,3422,0.32634735107421875
leather,poke,012_mask.png,1024,1024,1048576,4033,0.3846168518066406
leather,poke,013_mask.png,1024,1024,1048576,2415,0.23031234741210938
leather,poke,014_mask.png,1024,1024,1048576,2340,0.2231597900390625
leather,poke,015_mask.png,1024,1024,1048576,1730,0.16498565673828125
leather,poke,016_mask.png,1024,1024,1048576,2829,0.2697944641113281
leather,poke,017_mask.png,1024,1024,1048576,1730,0.16498565673828125
metal_nut,bent,000_mask.png,700,700,490000,23025,4.698979591836735
metal_nut,bent,001_mask.png,700,700,490000,8413,1.7169387755102041
metal_nut,bent,002_mask.png,700,700,490000,4763,0.9720408163265306
metal_nut,bent,003_mask.png,700,700,490000,9132,1.863673469387755
metal_nut,bent,004_mask.png,700,700,490000,7685,1.5683673469387756
metal_nut,bent,005_mask.png,700,700,490000,10851,2.214489795918367
metal_nut,bent,006_mask.png,700,700,490000,6810,1.389795918367347
metal_nut,bent,007_mask.png,700,700,490000,3458,0.7057142857142857
metal_nut,bent,008_mask.png,700,700,490000,9843,2.0087755102040816
metal_nut,bent,009_mask.png,700,700,490000,8317,1.69734693877551
metal_nut,bent,010_mask.png,700,700,490000,14140,2.8857142857142857
metal_nut,bent,011_mask.png,700,700,490000,7137,1.456530612244898
metal_nut,bent,012_mask.png,700,700,490000,11750,2.3979591836734695
metal_nut,bent,013_mask.png,700,700,490000,12146,2.4787755102040814
metal_nut,bent,014_mask.png,700,700,490000,5223,1.0659183673469388
metal_nut,bent,015_mask.png,700,700,490000,17589,3.5895918367346935
metal_nut,bent,016_mask.png,700,700,490000,8326,1.699183673469388
metal_nut,bent,017_mask.png,700,700,490000,9041,1.8451020408163266
metal_nut,bent,018_mask.png,700,700,490000,11889,2.426326530612245
metal_nut,bent,019_mask.png,700,700,490000,13930,2.842857142857143
metal_nut,bent,020_mask.png,700,700,490000,9625,1.9642857142857142
metal_nut,bent,021_mask.png,700,700,490000,9838,2.007755102040816
metal_nut,bent,022_mask.png,700,700,490000,6818,1.3914285714285715
metal_nut,bent,023_mask.png,700,700,490000,10494,2.1416326530612246
metal_nut,bent,024_mask.png,700,700,490000,9177,1.8728571428571428
metal_nut,color,000_mask.png,700,700,490000,2135,0.4357142857142857
metal_nut,color,001_mask.png,700,700,490000,2771,0.5655102040816327
metal_nut,color,002_mask.png,700,700,490000,5585,1.139795918367347
metal_nut,color,003_mask.png,700,700,490000,2367,0.48306122448979594
metal_nut,color,004_mask.png,700,700,490000,2212,0.45142857142857146
metal_nut,color,005_mask.png,700,700,490000,5610,1.1448979591836734
metal_nut,color,006_mask.png,700,700,490000,3820,0.7795918367346939
metal_nut,color,007_mask.png,700,700,490000,6865,1.4010204081632653
metal_nut,color,008_mask.png,700,700,490000,22563,4.60469387755102
metal_nut,color,009_mask.png,700,700,490000,8684,1.7722448979591836
metal_nut,color,010_mask.png,700,700,490000,16025,3.270408163265306
metal_nut,color,011_mask.png,700,700,490000,22001,4.49
metal_nut,color,012_mask.png,700,700,490000,32188,6.568979591836735
metal_nut,color,013_mask.png,700,700,490000,11259,2.2977551020408162
metal_nut,color,014_mask.png,700,700,490000,5992,1.2228571428571429
metal_nut,color,015_mask.png,700,700,490000,23333,4.761836734693878
metal_nut,color,016_mask.png,700,700,490000,12301,2.510408163265306
metal_nut,color,017_mask.png,700,700,490000,16277,3.3218367346938775
metal_nut,color,018_mask.png,700,700,490000,9301,1.8981632653061224
metal_nut,color,019_mask.png,700,700,490000,11183,2.282244897959184
metal_nut,color,020_mask.png,700,700,490000,17990,3.6714285714285713
metal_nut,color,021_mask.png,700,700,490000,13743,2.8046938775510206
metal_nut,flip,000_mask.png,700,700,490000,237351,48.438979591836734
metal_nut,flip,001_mask.png,700,700,490000,238718,48.71795918367347
metal_nut,flip,002_mask.png,700,700,490000,236355,48.23571428571429
metal_nut,flip,003_mask.png,700,700,490000,238487,48.67081632653061
metal_nut,flip,004_mask.png,700,700,490000,234904,47.9395918367347
metal_nut,flip,005_mask.png,700,700,490000,235361,48.03285714285715
metal_nut,flip,006_mask.png,700,700,490000,235543,48.07
metal_nut,flip,007_mask.png,700,700,490000,237959,48.56306122448979
metal_nut,flip,008_mask.png,700,700,490000,234449,47.84673469387755
metal_nut,flip,009_mask.png,700,700,490000,236366,48.23795918367347
metal_nut,flip,010_mask.png,700,700,490000,236323,48.229183673469386
metal_nut,flip,011_mask.png,700,700,490000,234959,47.95081632653061
metal_nut,flip,012_mask.png,700,700,490000,234723,47.902653061224484
metal_nut,flip,013_mask.png,700,700,490000,234720,47.90204081632653
metal_nut,flip,014_mask.png,700,700,490000,234692,47.89632653061224
metal_nut,flip,015_mask.png,700,700,490000,235892,48.14122448979592
metal_nut,flip,016_mask.png,700,700,490000,238493,48.67204081632653
metal_nut,flip,017_mask.png,700,700,490000,238751,48.724693877551026
metal_nut,flip,018_mask.png,700,700,490000,235196,47.99918367346939
metal_nut,flip,019_mask.png,700,700,490000,236666,48.299183673469386
metal_nut,flip,020_mask.png,700,700,490000,236216,48.20734693877551
metal_nut,flip,021_mask.png,700,700,490000,236046,48.172653061224494
metal_nut,flip,022_mask.png,700,700,490000,235963,48.15571428571428
metal_nut,scratch,000_mask.png,700,700,490000,9302,1.8983673469387754
metal_nut,scratch,001_mask.png,700,700,490000,34888,7.12
metal_nut,scratch,002_mask.png,700,700,490000,57360,11.706122448979592
metal_nut,scratch,003_mask.png,700,700,490000,21564,4.400816326530612
metal_nut,scratch,004_mask.png,700,700,490000,20249,4.132448979591836
metal_nut,scratch,005_mask.png,700,700,490000,14411,2.9410204081632654
metal_nut,scratch,006_mask.png,700,700,490000,14713,3.0026530612244895
metal_nut,scratch,007_mask.png,700,700,490000,27302,5.5718367346938775
metal_nut,scratch,008_mask.png,700,700,490000,34572,7.055510204081633
metal_nut,scratch,009_mask.png,700,700,490000,43222,8.820816326530611
metal_nut,scratch,010_mask.png,700,700,490000,58374,11.913061224489796
metal_nut,scratch,011_mask.png,700,700,490000,28948,5.907755102040816
metal_nut,scratch,012_mask.png,700,700,490000,60275,12.301020408163266
metal_nut,scratch,013_mask.png,700,700,490000,21399,4.3671428571428565
metal_nut,scratch,014_mask.png,700,700,490000,18253,3.7251020408163265
metal_nut,scratch,015_mask.png,700,700,490000,16077,3.2810204081632657
metal_nut,scratch,016_mask.png,700,700,490000,27129,5.536530612244897
metal_nut,scratch,017_mask.png,700,700,490000,23344,4.7640816326530615
metal_nut,scratch,018_mask.png,700,700,490000,19395,3.9581632653061223
metal_nut,scratch,019_mask.png,700,700,490000,27262,5.563673469387755
metal_nut,scratch,020_mask.png,700,700,490000,16654,3.3987755102040813
metal_nut,scratch,021_mask.png,700,700,490000,33969,6.932448979591836
metal_nut,scratch,022_mask.png,700,700,490000,36121,7.371632653061225
pill,color,000_mask.png,800,800,640000,426,0.0665625
pill,color,001_mask.png,800,800,640000,2894,0.45218749999999996
pill,color,002_mask.png,800,800,640000,3502,0.5471875
pill,color,003_mask.png,800,800,640000,3526,0.5509375000000001
pill,color,004_mask.png,800,800,640000,2462,0.3846875
pill,color,005_mask.png,800,800,640000,4710,0.7359374999999999
pill,color,006_mask.png,800,800,640000,1949,0.30453125
pill,color,007_mask.png,800,800,640000,819,0.12796875
pill,color,008_mask.png,800,800,640000,523,0.08171874999999999
pill,color,009_mask.png,800,800,640000,323,0.05046875000000001
pill,color,010_mask.png,800,800,640000,896,0.13999999999999999
pill,color,011_mask.png,800,800,640000,622,0.0971875
pill,color,012_mask.png,800,800,640000,583,0.09109375
pill,color,013_mask.png,800,800,640000,551,0.08609375000000001
pill,color,014_mask.png,800,800,640000,1874,0.29281250000000003
pill,color,015_mask.png,800,800,640000,438,0.0684375
pill,color,016_mask.png,800,800,640000,780,0.121875
pill,color,017_mask.png,800,800,640000,932,0.145625
pill,color,018_mask.png,800,800,640000,1166,0.1821875
pill,color,019_mask.png,800,800,640000,2814,0.43968749999999995
pill,color,020_mask.png,800,800,640000,1110,0.1734375
pill,color,021_mask.png,800,800,640000,1146,0.17906249999999999
pill,color,022_mask.png,800,800,640000,4440,0.69375
pill,color,023_mask.png,800,800,640000,3485,0.5445312499999999
pill,color,024_mask.png,800,800,640000,855,0.13359375
pill,combined,000_mask.png,800,800,640000,9947,1.55421875
pill,combined,001_mask.png,800,800,640000,18316,2.861875
pill,combined,002_mask.png,800,800,640000,6609,1.03265625
pill,combined,003_mask.png,800,800,640000,5799,0.9060937499999999
pill,combined,004_mask.png,800,800,640000,9526,1.4884375
pill,combined,005_mask.png,800,800,640000,8757,1.3682812500000001
pill,combined,006_mask.png,800,800,640000,25620,4.003125
pill,combined,007_mask.png,800,800,640000,8740,1.365625
pill,combined,008_mask.png,800,800,640000,7908,1.235625
pill,combined,009_mask.png,800,800,640000,17957,2.80578125
pill,combined,010_mask.png,800,800,640000,13425,2.09765625
pill,combined,011_mask.png,800,800,640000,7648,1.195
pill,combined,012_mask.png,800,800,640000,6348,0.9918750000000001
pill,combined,013_mask.png,800,800,640000,10381,1.62203125
pill,combined,014_mask.png,800,800,640000,6547,1.02296875
pill,combined,015_mask.png,800,800,640000,37533,5.86453125
pill,combined,016_mask.png,800,800,640000,17841,2.78765625
pill,contamination,000_mask.png,800,800,640000,4644,0.725625
pill,contamination,001_mask.png,800,800,640000,8254,1.2896875
pill,contamination,002_mask.png,800,800,640000,5693,0.88953125
pill,contamination,003_mask.png,800,800,640000,5385,0.8414062499999999
pill,contamination,004_mask.png,800,800,640000,4670,0.7296875
pill,contamination,005_mask.png,800,800,640000,4499,0.70296875
pill,contamination,006_mask.png,800,800,640000,5108,0.7981250000000001
pill,contamination,007_mask.png,800,800,640000,16247,2.53859375
pill,contamination,008_mask.png,800,800,640000,3129,0.48890625000000004
pill,contamination,009_mask.png,800,800,640000,5414,0.8459375
pill,contamination,010_mask.png,800,800,640000,13209,2.06390625
pill,contamination,011_mask.png,800,800,640000,10876,1.6993749999999999
pill,contamination,012_mask.png,800,800,640000,6065,0.9476562500000001
pill,contamination,013_mask.png,800,800,640000,4844,0.756875
pill,contamination,014_mask.png,800,800,640000,4219,0.65921875
pill,contamination,015_mask.png,800,800,640000,10880,1.7000000000000002
pill,contamination,016_mask.png,800,800,640000,9405,1.46953125
pill,contamination,017_mask.png,800,800,640000,6809,1.0639062499999998
pill,contamination,018_mask.png,800,800,640000,13759,2.14984375
pill,contamination,019_mask.png,800,800,640000,5231,0.81734375
pill,contamination,020_mask.png,800,800,640000,8113,1.26765625
pill,crack,000_mask.png,800,800,640000,6531,1.02046875
pill,crack,001_mask.png,800,800,640000,2691,0.42046875
pill,crack,002_mask.png,800,800,640000,6342,0.9909375
pill,crack,003_mask.png,800,800,640000,1930,0.3015625
pill,crack,004_mask.png,800,800,640000,4668,0.729375
pill,crack,005_mask.png,800,800,640000,9537,1.49015625
pill,crack,006_mask.png,800,800,640000,1947,0.30421875000000004
pill,crack,007_mask.png,800,800,640000,2893,0.45203125
pill,crack,008_mask.png,800,800,640000,6715,1.04921875
pill,crack,009_mask.png,800,800,640000,8969,1.40140625
pill,crack,010_mask.png,800,800,640000,12675,1.98046875
pill,crack,011_mask.png,800,800,640000,7161,1.11890625
pill,crack,012_mask.png,800,800,640000,2578,0.40281249999999996
pill,crack,013_mask.png,800,800,640000,1837,0.28703125
pill,crack,014_mask.png,800,800,640000,2100,0.328125
pill,crack,015_mask.png,800,800,640000,2335,0.36484375
pill,crack,016_mask.png,800,800,640000,2091,0.32671875
pill,crack,017_mask.png,800,800,640000,7025,1.09765625
pill,crack,018_mask.png,800,800,640000,7354,1.1490625
pill,crack,019_mask.png,800,800,640000,7277,1.13703125
pill,crack,020_mask.png,800,800,640000,4145,0.6476562499999999
pill,crack,021_mask.png,800,800,640000,2761,0.43140625
pill,crack,022_mask.png,800,800,640000,4440,0.69375
pill,crack,023_mask.png,800,800,640000,8421,1.31578125
pill,crack,024_mask.png,800,800,640000,3885,0.60703125
pill,crack,025_mask.png,800,800,640000,1205,0.18828124999999998
pill,faulty_imprint,000_mask.png,800,800,640000,5688,0.8887499999999999
pill,faulty_imprint,001_mask.png,800,800,640000,5009,0.78265625
pill,faulty_imprint,002_mask.png,800,800,640000,9312,1.455
pill,faulty_imprint,003_mask.png,800,800,640000,9437,1.47453125
pill,faulty_imprint,004_mask.png,800,800,640000,13668,2.135625
pill,faulty_imprint,005_mask.png,800,800,640000,28700,4.484375
pill,faulty_imprint,006_mask.png,800,800,640000,16662,2.6034375
pill,faulty_imprint,007_mask.png,800,800,640000,38536,6.02125
pill,faulty_imprint,008_mask.png,800,800,640000,19531,3.05171875
pill,faulty_imprint,009_mask.png,800,800,640000,9945,1.55390625
pill,faulty_imprint,010_mask.png,800,800,640000,21815,3.4085937500000005
pill,faulty_imprint,011_mask.png,800,800,640000,35179,5.49671875
pill,faulty_imprint,012_mask.png,800,800,640000,7305,1.14140625
pill,faulty_imprint,013_mask.png,800,800,640000,14672,2.2925
pill,faulty_imprint,014_mask.png,800,800,640000,8594,1.3428125000000002
pill,faulty_imprint,015_mask.png,800,800,640000,12676,1.980625
pill,faulty_imprint,016_mask.png,800,800,640000,26388,4.123125
pill,faulty_imprint,017_mask.png,800,800,640000,20884,3.263125
pill,faulty_imprint,018_mask.png,800,800,640000,15784,2.46625
pill,pill_type,000_mask.png,800,800,640000,259635,40.56796875
pill,pill_type,001_mask.png,800,800,640000,261853,40.91453125
pill,pill_type,002_mask.png,800,800,640000,259190,40.4984375
pill,pill_type,003_mask.png,800,800,640000,261575,40.87109375
pill,pill_type,004_mask.png,800,800,640000,261856,40.915
pill,pill_type,005_mask.png,800,800,640000,262423,41.00359375
pill,pill_type,006_mask.png,800,800,640000,260102,40.6409375
pill,pill_type,007_mask.png,800,800,640000,261004,40.781875
pill,pill_type,008_mask.png,800,800,640000,262050,40.9453125
pill,scratch,000_mask.png,800,800,640000,4847,0.75734375
pill,scratch,001_mask.png,800,800,640000,2628,0.41062499999999996
pill,scratch,002_mask.png,800,800,640000,20907,3.26671875
pill,scratch,003_mask.png,800,800,640000,4254,0.6646875
pill,scratch,004_mask.png,800,800,640000,23092,3.6081250000000002
pill,scratch,005_mask.png,800,800,640000,3026,0.47281249999999997
pill,scratch,006_mask.png,800,800,640000,2363,0.36921875000000004
pill,scratch,007_mask.png,800,800,640000,24200,3.78125
pill,scratch,008_mask.png,800,800,640000,36751,5.74234375
pill,scratch,009_mask.png,800,800,640000,61666,9.6353125
pill,scratch,010_mask.png,800,800,640000,7008,1.095
pill,scratch,011_mask.png,800,800,640000,6285,0.9820312499999999
pill,scratch,012_mask.png,800,800,640000,10111,1.5798437500000002
pill,scratch,013_mask.png,800,800,640000,29485,4.60703125
pill,scratch,014_mask.png,800,800,640000,49182,7.6846875
pill,scratch,015_mask.png,800,800,640000,5978,0.9340625
pill,scratch,016_mask.png,800,800,640000,4090,0.6390625
pill,scratch,017_mask.png,800,800,640000,8340,1.3031249999999999
pill,scratch,018_mask.png,800,800,640000,35095,5.48359375
pill,scratch,019_mask.png,800,800,640000,2131,0.33296875000000004
pill,scratch,020_mask.png,800,800,640000,3188,0.49812499999999993
pill,scratch,021_mask.png,800,800,640000,7917,1.23703125
pill,scratch,022_mask.png,800,800,640000,4412,0.689375
pill,scratch,023_mask.png,800,800,640000,15037,2.34953125
screw,manipulated_front,000_mask.png,1024,1024,1048576,3806,0.36296844482421875
screw,manipulated_front,001_mask.png,1024,1024,1048576,2866,0.27332305908203125
screw,manipulated_front,002_mask.png,1024,1024,1048576,2520,0.240325927734375
screw,manipulated_front,003_mask.png,1024,1024,1048576,4826,0.46024322509765625
screw,manipulated_front,004_mask.png,1024,1024,1048576,2245,0.21409988403320312
screw,manipulated_front,005_mask.png,1024,1024,1048576,3304,0.315093994140625
screw,manipulated_front,006_mask.png,1024,1024,1048576,3633,0.3464698791503906
screw,manipulated_front,007_mask.png,1024,1024,1048576,4911,0.4683494567871094
screw,manipulated_front,008_mask.png,1024,1024,1048576,3808,0.3631591796875
screw,manipulated_front,009_mask.png,1024,1024,1048576,6709,0.6398200988769531
screw,manipulated_front,010_mask.png,1024,1024,1048576,3690,0.35190582275390625
screw,manipulated_front,011_mask.png,1024,1024,1048576,3133,0.2987861633300781
screw,manipulated_front,012_mask.png,1024,1024,1048576,1695,0.16164779663085938
screw,manipulated_front,013_mask.png,1024,1024,1048576,3133,0.2987861633300781
screw,manipulated_front,014_mask.png,1024,1024,1048576,3315,0.3161430358886719
screw,manipulated_front,015_mask.png,1024,1024,1048576,4777,0.4555702209472656
screw,manipulated_front,016_mask.png,1024,1024,1048576,7016,0.669097900390625
screw,manipulated_front,017_mask.png,1024,1024,1048576,1443,0.13761520385742188
screw,manipulated_front,018_mask.png,1024,1024,1048576,2756,0.2628326416015625
screw,manipulated_front,019_mask.png,1024,1024,1048576,1771,0.16889572143554688
screw,manipulated_front,020_mask.png,1024,1024,1048576,1359,0.12960433959960938
screw,manipulated_front,021_mask.png,1024,1024,1048576,1537,0.14657974243164062
screw,manipulated_front,022_mask.png,1024,1024,1048576,1506,0.14362335205078125
screw,manipulated_front,023_mask.png,1024,1024,1048576,2523,0.24061203002929688
screw,scratch_head,000_mask.png,1024,1024,1048576,2767,0.2638816833496094
screw,scratch_head,001_mask.png,1024,1024,1048576,3019,0.2879142761230469
screw,scratch_head,002_mask.png,1024,1024,1048576,3012,0.2872467041015625
screw,scratch_head,003_mask.png,1024,1024,1048576,1741,0.16603469848632812
screw,scratch_head,004_mask.png,1024,1024,1048576,2981,0.2842903137207031
screw,scratch_head,005_mask.png,1024,1024,1048576,1355,0.12922286987304688
screw,scratch_head,006_mask.png,1024,1024,1048576,2586,0.24662017822265625
screw,scratch_head,007_mask.png,1024,1024,1048576,2707,0.2581596374511719
screw,scratch_head,008_mask.png,1024,1024,1048576,3009,0.2869606018066406
screw,scratch_head,009_mask.png,1024,1024,1048576,3278,0.31261444091796875
screw,scratch_head,010_mask.png,1024,1024,1048576,2213,0.21104812622070312
screw,scratch_head,011_mask.png,1024,1024,1048576,2801,0.2671241760253906
screw,scratch_head,012_mask.png,1024,1024,1048576,3541,0.3376960754394531
screw,scratch_head,013_mask.png,1024,1024,1048576,1953,0.18625259399414062
screw,scratch_head,014_mask.png,1024,1024,1048576,2388,0.2277374267578125
screw,scratch_head,015_mask.png,1024,1024,1048576,3545,0.3380775451660156
screw,scratch_head,016_mask.png,1024,1024,1048576,2091,0.19941329956054688
screw,scratch_head,017_mask.png,1024,1024,1048576,2511,0.23946762084960938
screw,scratch_head,018_mask.png,1024,1024,1048576,3846,0.36678314208984375
screw,scratch_head,019_mask.png,1024,1024,1048576,2618,0.24967193603515625
screw,scratch_head,020_mask.png,1024,1024,1048576,2465,0.23508071899414062
screw,scratch_head,021_mask.png,1024,1024,1048576,2066,0.19702911376953125
screw,scratch_head,022_mask.png,1024,1024,1048576,1402,0.13370513916015625
screw,scratch_head,023_mask.png,1024,1024,1048576,2444,0.2330780029296875
screw,scratch_neck,000_mask.png,1024,1024,1048576,2810,0.26798248291015625
screw,scratch_neck,001_mask.png,1024,1024,1048576,7445,0.7100105285644531
screw,scratch_neck,002_mask.png,1024,1024,1048576,2926,0.27904510498046875
screw,scratch_neck,003_mask.png,1024,1024,1048576,2614,0.24929046630859375
screw,scratch_neck,004_mask.png,1024,1024,1048576,3823,0.3645896911621094
screw,scratch_neck,005_mask.png,1024,1024,1048576,2145,0.20456314086914062
screw,scratch_neck,006_mask.png,1024,1024,1048576,4725,0.4506111145019531
screw,scratch_neck,007_mask.png,1024,1024,1048576,3062,0.29201507568359375
screw,scratch_neck,008_mask.png,1024,1024,1048576,4567,0.4355430603027344
screw,scratch_neck,009_mask.png,1024,1024,1048576,2582,0.24623870849609375
screw,scratch_neck,010_mask.png,1024,1024,1048576,4609,0.4395484924316406
screw,scratch_neck,011_mask.png,1024,1024,1048576,1637,0.15611648559570312
screw,scratch_neck,012_mask.png,1024,1024,1048576,3583,0.3417015075683594
screw,scratch_neck,013_mask.png,1024,1024,1048576,3198,0.30498504638671875
screw,scratch_neck,014_mask.png,1024,1024,1048576,2981,0.2842903137207031
screw,scratch_neck,015_mask.png,1024,1024,1048576,3017,0.2877235412597656
screw,scratch_neck,016_mask.png,1024,1024,1048576,3955,0.3771781921386719
screw,scratch_neck,017_mask.png,1024,1024,1048576,3813,0.3636360168457031
screw,scratch_neck,018_mask.png,1024,1024,1048576,3269,0.3117561340332031
screw,scratch_neck,019_mask.png,1024,1024,1048576,4108,0.3917694091796875
screw,scratch_neck,020_mask.png,1024,1024,1048576,7369,0.7027626037597656
screw,scratch_neck,021_mask.png,1024,1024,1048576,2687,0.2562522888183594
screw,scratch_neck,022_mask.png,1024,1024,1048576,1033,0.09851455688476562
screw,scratch_neck,023_mask.png,1024,1024,1048576,1717,0.16374588012695312
screw,scratch_neck,024_mask.png,1024,1024,1048576,3240,0.308990478515625
screw,thread_side,000_mask.png,1024,1024,1048576,1580,0.1506805419921875
screw,thread_side,001_mask.png,1024,1024,1048576,6009,0.5730628967285156
screw,thread_side,002_mask.png,1024,1024,1048576,2302,0.21953582763671875
screw,thread_side,003_mask.png,1024,1024,1048576,2047,0.19521713256835938
screw,thread_side,004_mask.png,1024,1024,1048576,1460,0.1392364501953125
screw,thread_side,005_mask.png,1024,1024,1048576,2721,0.2594947814941406
screw,thread_side,006_mask.png,1024,1024,1048576,4696,0.447845458984375
screw,thread_side,007_mask.png,1024,1024,1048576,3887,0.3706932067871094
screw,thread_side,008_mask.png,1024,1024,1048576,2757,0.2629280090332031
screw,thread_side,009_mask.png,1024,1024,1048576,2577,0.24576187133789062
screw,thread_side,010_mask.png,1024,1024,1048576,3097,0.2953529357910156
screw,thread_side,011_mask.png,1024,1024,1048576,1761,0.16794204711914062
screw,thread_side,012_mask.png,1024,1024,1048576,4231,0.4034996032714844
screw,thread_side,013_mask.png,1024,1024,1048576,1685,0.16069412231445312
screw,thread_side,014_mask.png,1024,1024,1048576,2720,0.2593994140625
screw,thread_side,015_mask.png,1024,1024,1048576,2977,0.2839088439941406
screw,thread_side,016_mask.png,1024,1024,1048576,5564,0.5306243896484375
screw,thread_side,017_mask.png,1024,1024,1048576,2901,0.2766609191894531
screw,thread_side,018_mask.png,1024,1024,1048576,2424,0.231170654296875
screw,thread_side,019_mask.png,1024,1024,1048576,1207,0.11510848999023438
screw,thread_side,020_mask.png,1024,1024,1048576,1601,0.15268325805664062
screw,thread_side,021_mask.png,1024,1024,1048576,3364,0.3208160400390625
screw,thread_side,022_mask.png,1024,1024,1048576,3904,0.372314453125
screw,thread_top,000_mask.png,1024,1024,1048576,6803,0.6487846374511719
screw,thread_top,001_mask.png,1024,1024,1048576,6387,0.6091117858886719
screw,thread_top,002_mask.png,1024,1024,1048576,6084,0.5802154541015625
screw,thread_top,003_mask.png,1024,1024,1048576,4646,0.44307708740234375
screw,thread_top,004_mask.png,1024,1024,1048576,6696,0.638580322265625
screw,thread_top,005_mask.png,1024,1024,1048576,10599,1.0107994079589844
screw,thread_top,006_mask.png,1024,1024,1048576,7649,0.7294654846191406
screw,thread_top,007_mask.png,1024,1024,1048576,6834,0.6517410278320312
screw,thread_top,008_mask.png,1024,1024,1048576,5620,0.5359649658203125
screw,thread_top,009_mask.png,1024,1024,1048576,4056,0.386810302734375
screw,thread_top,010_mask.png,1024,1024,1048576,5418,0.5167007446289062
screw,thread_top,011_mask.png,1024,1024,1048576,5075,0.4839897155761719
screw,thread_top,012_mask.png,1024,1024,1048576,1275,0.12159347534179688
screw,thread_top,013_mask.png,1024,1024,1048576,3005,0.2865791320800781
screw,thread_top,014_mask.png,1024,1024,1048576,4905,0.4677772521972656
screw,thread_top,015_mask.png,1024,1024,1048576,3769,0.3594398498535156
screw,thread_top,016_mask.png,1024,1024,1048576,4124,0.3932952880859375
screw,thread_top,017_mask.png,1024,1024,1048576,1161,0.11072158813476562
screw,thread_top,018_mask.png,1024,1024,1048576,5585,0.5326271057128906
screw,thread_top,019_mask.png,1024,1024,1048576,7792,0.74310302734375
screw,thread_top,020_mask.png,1024,1024,1048576,6790,0.6475448608398438
screw,thread_top,021_mask.png,1024,1024,1048576,5326,0.5079269409179688
screw,thread_top,022_mask.png,1024,1024,1048576,4004,0.3818511962890625
tile,crack,000_mask.png,840,840,705600,19004,2.693310657596372
tile,crack,001_mask.png,840,840,705600,11881,1.6838151927437643
tile,crack,002_mask.png,840,840,705600,19328,2.7392290249433104
tile,crack,003_mask.png,840,840,705600,19682,2.7893990929705215
tile,crack,004_mask.png,840,840,705600,6986,0.9900793650793651
tile,crack,005_mask.png,840,840,705600,10629,1.5063775510204083
tile,crack,006_mask.png,840,840,705600,25581,3.625425170068027
tile,crack,007_mask.png,840,840,705600,19344,2.741496598639456
tile,crack,008_mask.png,840,840,705600,14109,1.9995748299319729
tile,crack,009_mask.png,840,840,705600,16965,2.4043367346938775
tile,crack,010_mask.png,840,840,705600,25407,3.600765306122449
tile,crack,011_mask.png,840,840,705600,9042,1.2814625850340136
tile,crack,012_mask.png,840,840,705600,20740,2.939342403628118
tile,crack,013_mask.png,840,840,705600,14517,2.0573979591836733
tile,crack,014_mask.png,840,840,705600,11509,1.63109410430839
tile,crack,015_mask.png,840,840,705600,5942,0.8421201814058957
tile,crack,016_mask.png,840,840,705600,14805,2.0982142857142856
tile,glue_strip,000_mask.png,840,840,705600,44535,6.311649659863945
tile,glue_strip,001_mask.png,840,840,705600,59075,8.372307256235828
tile,glue_strip,002_mask.png,840,840,705600,54803,7.766865079365079
tile,glue_strip,003_mask.png,840,840,705600,250395,35.48681972789115
tile,glue_strip,004_mask.png,840,840,705600,130408,18.48185941043084
tile,glue_strip,005_mask.png,840,840,705600,39258,5.563775510204081
tile,glue_strip,006_mask.png,840,840,705600,124511,17.64611678004535
tile,glue_strip,007_mask.png,840,840,705600,99204,14.05952380952381
tile,glue_strip,008_mask.png,840,840,705600,91761,13.0046768707483
tile,glue_strip,009_mask.png,840,840,705600,34863,4.940901360544218
tile,glue_strip,010_mask.png,840,840,705600,116714,16.541099773242628
tile,glue_strip,011_mask.png,840,840,705600,70107,9.935799319727892
tile,glue_strip,012_mask.png,840,840,705600,75590,10.712868480725623
tile,glue_strip,013_mask.png,840,840,705600,15094,2.139172335600907
tile,glue_strip,014_mask.png,840,840,705600,34489,4.887896825396825
tile,glue_strip,015_mask.png,840,840,705600,34142,4.838718820861678
tile,glue_strip,016_mask.png,840,840,705600,23970,3.397108843537415
tile,glue_strip,017_mask.png,840,840,705600,110862,15.711734693877553
tile,gray_stroke,000_mask.png,840,840,705600,12829,1.8181689342403626
tile,gray_stroke,001_mask.png,840,840,705600,28917,4.098214285714286
tile,gray_stroke,002_mask.png,840,840,705600,17245,2.444019274376417
tile,gray_stroke,003_mask.png,840,840,705600,35496,5.030612244897959
tile,gray_stroke,004_mask.png,840,840,705600,35025,4.963860544217687
tile,gray_stroke,005_mask.png,840,840,705600,30099,4.265731292517007
tile,gray_stroke,006_mask.png,840,840,705600,33365,4.72859977324263
tile,gray_stroke,007_mask.png,840,840,705600,38976,5.523809523809524
tile,gray_stroke,008_mask.png,840,840,705600,18443,2.6138038548752833
tile,gray_stroke,009_mask.png,840,840,705600,29798,4.2230725623582765
tile,gray_stroke,010_mask.png,840,840,705600,43771,6.203373015873016
tile,gray_stroke,011_mask.png,840,840,705600,49025,6.947987528344671
tile,gray_stroke,012_mask.png,840,840,705600,18180,2.576530612244898
tile,gray_stroke,013_mask.png,840,840,705600,22027,3.1217403628117912
tile,gray_stroke,014_mask.png,840,840,705600,49838,7.063208616780045
tile,gray_stroke,015_mask.png,840,840,705600,12732,1.8044217687074828
tile,oil,000_mask.png,840,840,705600,156962,22.245181405895693
tile,oil,001_mask.png,840,840,705600,91043,12.902919501133786
tile,oil,002_mask.png,840,840,705600,128797,18.253543083900226
tile,oil,003_mask.png,840,840,705600,98092,13.901927437641723
tile,oil,004_mask.png,840,840,705600,92869,13.161706349206348
tile,oil,005_mask.png,840,840,705600,87198,12.357993197278912
tile,oil,006_mask.png,840,840,705600,99993,14.171343537414966
tile,oil,007_mask.png,840,840,705600,114748,16.2624716553288
tile,oil,008_mask.png,840,840,705600,96147,13.626275510204081
tile,oil,009_mask.png,840,840,705600,102913,14.58517573696145
tile,oil,010_mask.png,840,840,705600,91249,12.932114512471655
tile,oil,011_mask.png,840,840,705600,82389,11.676445578231293
tile,oil,012_mask.png,840,840,705600,88684,12.568594104308389
tile,oil,013_mask.png,840,840,705600,90625,12.843679138321995
tile,oil,014_mask.png,840,840,705600,116624,16.528344671201815
tile,oil,015_mask.png,840,840,705600,165837,23.50297619047619
tile,oil,016_mask.png,840,840,705600,153743,21.788973922902493
tile,oil,017_mask.png,840,840,705600,138472,19.624716553287982
tile,rough,000_mask.png,840,840,705600,28859,4.08999433106576
tile,rough,001_mask.png,840,840,705600,66556,9.432539682539682
tile,rough,002_mask.png,840,840,705600,87247,12.364937641723357
tile,rough,003_mask.png,840,840,705600,145623,20.638180272108844
tile,rough,004_mask.png,840,840,705600,233871,33.14498299319728
tile,rough,005_mask.png,840,840,705600,65759,9.319586167800454
tile,rough,006_mask.png,840,840,705600,57110,8.093820861678005
tile,rough,007_mask.png,840,840,705600,83541,11.839710884353742
tile,rough,008_mask.png,840,840,705600,109359,15.498724489795917
tile,rough,009_mask.png,840,840,705600,201585,28.569302721088434
tile,rough,010_mask.png,840,840,705600,85726,12.14937641723356
tile,rough,011_mask.png,840,840,705600,71653,10.154903628117914
tile,rough,012_mask.png,840,840,705600,147299,20.875708616780045
tile,rough,013_mask.png,840,840,705600,182803,25.90745464852608
tile,rough,014_mask.png,840,840,705600,95452,13.527777777777777
toothbrush,defective,000_mask.png,1024,1024,1048576,23837,2.273273468017578
toothbrush,defective,001_mask.png,1024,1024,1048576,5034,0.48007965087890625
toothbrush,defective,002_mask.png,1024,1024,1048576,10380,0.9899139404296875
toothbrush,defective,003_mask.png,1024,1024,1048576,6514,0.6212234497070312
toothbrush,defective,004_mask.png,1024,1024,1048576,2630,0.25081634521484375
toothbrush,defective,005_mask.png,1024,1024,1048576,50948,4.8587799072265625
toothbrush,defective,006_mask.png,1024,1024,1048576,14006,1.3357162475585938
toothbrush,defective,007_mask.png,1024,1024,1048576,2497,0.23813247680664062
toothbrush,defective,008_mask.png,1024,1024,1048576,53950,5.145072937011719
toothbrush,defective,009_mask.png,1024,1024,1048576,4241,0.4044532775878906
toothbrush,defective,010_mask.png,1024,1024,1048576,59590,5.682945251464844
toothbrush,defective,011_mask.png,1024,1024,1048576,4155,0.3962516784667969
toothbrush,defective,012_mask.png,1024,1024,1048576,18487,1.7630577087402344
toothbrush,defective,013_mask.png,1024,1024,1048576,5557,0.5299568176269531
toothbrush,defective,014_mask.png,1024,1024,1048576,28666,2.7338027954101562
toothbrush,defective,015_mask.png,1024,1024,1048576,6902,0.6582260131835938
toothbrush,defective,016_mask.png,1024,1024,1048576,12393,1.1818885803222656
toothbrush,defective,017_mask.png,1024,1024,1048576,29207,2.7853965759277344
toothbrush,defective,018_mask.png,1024,1024,1048576,3148,0.3002166748046875
toothbrush,defective,019_mask.png,1024,1024,1048576,18667,1.7802238464355469
toothbrush,defective,020_mask.png,1024,1024,1048576,12224,1.165771484375
toothbrush,defective,021_mask.png,1024,1024,1048576,2649,0.2526283264160156
toothbrush,defective,022_mask.png,1024,1024,1048576,136067,12.976360321044922
toothbrush,defective,023_mask.png,1024,1024,1048576,27880,2.658843994140625
toothbrush,defective,024_mask.png,1024,1024,1048576,5066,0.48313140869140625
toothbrush,defective,025_mask.png,1024,1024,1048576,39645,3.780841827392578
toothbrush,defective,026_mask.png,1024,1024,1048576,8611,0.8212089538574219
toothbrush,defective,027_mask.png,1024,1024,1048576,2911,0.2776145935058594
toothbrush,defective,028_mask.png,1024,1024,1048576,7829,0.7466316223144531
toothbrush,defective,029_mask.png,1024,1024,1048576,69802,6.656837463378906
transistor,bent_lead,000_mask.png,1024,1024,1048576,4485,0.4277229309082031
transistor,bent_lead,001_mask.png,1024,1024,1048576,2346,0.22373199462890625
transistor,bent_lead,002_mask.png,1024,1024,1048576,11899,1.1347770690917969
transistor,bent_lead,003_mask.png,1024,1024,1048576,9657,0.9209632873535156
transistor,bent_lead,004_mask.png,1024,1024,1048576,4031,0.3844261169433594
transistor,bent_lead,005_mask.png,1024,1024,1048576,16698,1.5924453735351562
transistor,bent_lead,006_mask.png,1024,1024,1048576,37531,3.579235076904297
transistor,bent_lead,007_mask.png,1024,1024,1048576,33409,3.1861305236816406
transistor,bent_lead,008_mask.png,1024,1024,1048576,38241,3.6469459533691406
transistor,bent_lead,009_mask.png,1024,1024,1048576,9434,0.8996963500976562
transistor,cut_lead,000_mask.png,1024,1024,1048576,11797,1.1250495910644531
transistor,cut_lead,001_mask.png,1024,1024,1048576,18793,1.7922401428222656
transistor,cut_lead,002_mask.png,1024,1024,1048576,10883,1.0378837585449219
transistor,cut_lead,003_mask.png,1024,1024,1048576,14952,1.425933837890625
transistor,cut_lead,004_mask.png,1024,1024,1048576,37545,3.5805702209472656
transistor,cut_lead,005_mask.png,1024,1024,1048576,11874,1.1323928833007812
transistor,cut_lead,006_mask.png,1024,1024,1048576,16077,1.5332221984863281
transistor,cut_lead,007_mask.png,1024,1024,1048576,10691,1.0195732116699219
transistor,cut_lead,008_mask.png,1024,1024,1048576,20817,1.9852638244628906
transistor,cut_lead,009_mask.png,1024,1024,1048576,18426,1.7572402954101562
transistor,damaged_case,000_mask.png,1024,1024,1048576,15585,1.4863014221191406
transistor,damaged_case,001_mask.png,1024,1024,1048576,56114,5.351448059082031
transistor,damaged_case,002_mask.png,1024,1024,1048576,6642,0.6334304809570312
transistor,damaged_case,003_mask.png,1024,1024,1048576,15628,1.4904022216796875
transistor,damaged_case,004_mask.png,1024,1024,1048576,26658,2.5423049926757812
transistor,damaged_case,005_mask.png,1024,1024,1048576,36644,3.4946441650390625
transistor,damaged_case,006_mask.png,1024,1024,1048576,21721,2.0714759826660156
transistor,damaged_case,007_mask.png,1024,1024,1048576,13540,1.2912750244140625
transistor,damaged_case,008_mask.png,1024,1024,1048576,52956,5.0502777099609375
transistor,damaged_case,009_mask.png,1024,1024,1048576,53178,5.071449279785156
transistor,misplaced,000_mask.png,1024,1024,1048576,423034,40.343666076660156
transistor,misplaced,001_mask.png,1024,1024,1048576,428411,40.8564567565918
transistor,misplaced,002_mask.png,1024,1024,1048576,397696,37.92724609375
transistor,misplaced,003_mask.png,1024,1024,1048576,395671,37.734127044677734
transistor,misplaced,004_mask.png,1024,1024,1048576,423908,40.42701721191406
transistor,misplaced,005_mask.png,1024,1024,1048576,450193,42.93375015258789
transistor,misplaced,006_mask.png,1024,1024,1048576,424486,40.482139587402344
transistor,misplaced,007_mask.png,1024,1024,1048576,512572,48.88267517089844
transistor,misplaced,008_mask.png,1024,1024,1048576,517163,49.32050704956055
transistor,misplaced,009_mask.png,1024,1024,1048576,414647,39.543819427490234
wood,color,000_mask.png,1024,1024,1048576,22219,2.118968963623047
wood,color,001_mask.png,1024,1024,1048576,44931,4.284954071044922
wood,color,002_mask.png,1024,1024,1048576,39776,3.7933349609375
wood,color,003_mask.png,1024,1024,1048576,10214,0.9740829467773438
wood,color,004_mask.png,1024,1024,1048576,34319,3.2729148864746094
wood,color,005_mask.png,1024,1024,1048576,17526,1.6714096069335938
wood,color,006_mask.png,1024,1024,1048576,70614,6.734275817871094
wood,color,007_mask.png,1024,1024,1048576,27889,2.6597023010253906
wood,combined,000_mask.png,1024,1024,1048576,153876,14.674758911132812
wood,combined,001_mask.png,1024,1024,1048576,24831,2.3680686950683594
wood,combined,002_mask.png,1024,1024,1048576,21056,2.008056640625
wood,combined,003_mask.png,1024,1024,1048576,40162,3.8301467895507812
wood,combined,004_mask.png,1024,1024,1048576,69428,6.6211700439453125
wood,combined,005_mask.png,1024,1024,1048576,9936,0.94757080078125
wood,combined,006_mask.png,1024,1024,1048576,91398,8.716392517089844
wood,combined,007_mask.png,1024,1024,1048576,62511,5.961513519287109
wood,combined,008_mask.png,1024,1024,1048576,47789,4.557514190673828
wood,combined,009_mask.png,1024,1024,1048576,20774,1.9811630249023438
wood,combined,010_mask.png,1024,1024,1048576,81431,7.765865325927734
wood,hole,000_mask.png,1024,1024,1048576,25948,2.4745941162109375
wood,hole,001_mask.png,1024,1024,1048576,11793,1.1246681213378906
wood,hole,002_mask.png,1024,1024,1048576,9910,0.9450912475585938
wood,hole,003_mask.png,1024,1024,1048576,12955,1.2354850769042969
wood,hole,004_mask.png,1024,1024,1048576,20527,1.9576072692871094
wood,hole,005_mask.png,1024,1024,1048576,14604,1.3927459716796875
wood,hole,006_mask.png,1024,1024,1048576,2755,0.2627372741699219
wood,hole,007_mask.png,1024,1024,1048576,8761,0.8355140686035156
wood,hole,008_mask.png,1024,1024,1048576,3648,0.347900390625
wood,hole,009_mask.png,1024,1024,1048576,9067,0.8646965026855469
wood,liquid,000_mask.png,1024,1024,1048576,36590,3.4894943237304688
wood,liquid,001_mask.png,1024,1024,1048576,107087,10.21261215209961
wood,liquid,002_mask.png,1024,1024,1048576,65291,6.226634979248047
wood,liquid,003_mask.png,1024,1024,1048576,31839,3.0364036560058594
wood,liquid,004_mask.png,1024,1024,1048576,20653,1.9696235656738281
wood,liquid,005_mask.png,1024,1024,1048576,78146,7.452583312988281
wood,liquid,006_mask.png,1024,1024,1048576,58789,5.606555938720703
wood,liquid,007_mask.png,1024,1024,1048576,41724,3.9791107177734375
wood,liquid,008_mask.png,1024,1024,1048576,70972,6.7684173583984375
wood,liquid,009_mask.png,1024,1024,1048576,38413,3.663349151611328
wood,scratch,000_mask.png,1024,1024,1048576,104693,9.984302520751953
wood,scratch,001_mask.png,1024,1024,1048576,9229,0.8801460266113281
wood,scratch,002_mask.png,1024,1024,1048576,53861,5.136585235595703
wood,scratch,003_mask.png,1024,1024,1048576,14737,1.4054298400878906
wood,scratch,004_mask.png,1024,1024,1048576,22295,2.1262168884277344
wood,scratch,005_mask.png,1024,1024,1048576,109840,10.47515869140625
wood,scratch,006_mask.png,1024,1024,1048576,432742,41.269493103027344
wood,scratch,007_mask.png,1024,1024,1048576,330711,31.539058685302734
wood,scratch,008_mask.png,1024,1024,1048576,25269,2.409839630126953
wood,scratch,009_mask.png,1024,1024,1048576,25871,2.4672508239746094
wood,scratch,010_mask.png,1024,1024,1048576,28884,2.7545928955078125
wood,scratch,011_mask.png,1024,1024,1048576,128239,12.22982406616211
wood,scratch,012_mask.png,1024,1024,1048576,73081,6.969547271728516
wood,scratch,013_mask.png,1024,1024,1048576,12054,1.1495590209960938
wood,scratch,014_mask.png,1024,1024,1048576,26649,2.5414466857910156
wood,scratch,015_mask.png,1024,1024,1048576,23908,2.2800445556640625
wood,scratch,016_mask.png,1024,1024,1048576,64931,6.192302703857422
wood,scratch,017_mask.png,1024,1024,1048576,64630,6.163597106933594
wood,scratch,018_mask.png,1024,1024,1048576,46895,4.472255706787109
wood,scratch,019_mask.png,1024,1024,1048576,15476,1.4759063720703125
wood,scratch,020_mask.png,1024,1024,1048576,25269,2.409839630126953
zipper,broken_teeth,000_mask.png,1024,1024,1048576,28105,2.6803016662597656
zipper,broken_teeth,001_mask.png,1024,1024,1048576,13915,1.3270378112792969
zipper,broken_teeth,002_mask.png,1024,1024,1048576,14559,1.3884544372558594
zipper,broken_teeth,003_mask.png,1024,1024,1048576,18106,1.7267227172851562
zipper,broken_teeth,004_mask.png,1024,1024,1048576,15772,1.5041351318359375
zipper,broken_teeth,005_mask.png,1024,1024,1048576,8468,0.8075714111328125
zipper,broken_teeth,006_mask.png,1024,1024,1048576,17590,1.6775131225585938
zipper,broken_teeth,007_mask.png,1024,1024,1048576,49637,4.733753204345703
zipper,broken_teeth,008_mask.png,1024,1024,1048576,15943,1.5204429626464844
zipper,broken_teeth,009_mask.png,1024,1024,1048576,9062,0.8642196655273438
zipper,broken_teeth,010_mask.png,1024,1024,1048576,10133,0.9663581848144531
zipper,broken_teeth,011_mask.png,1024,1024,1048576,9101,0.8679389953613281
zipper,broken_teeth,012_mask.png,1024,1024,1048576,10493,1.0006904602050781
zipper,broken_teeth,013_mask.png,1024,1024,1048576,27887,2.6595115661621094
zipper,broken_teeth,014_mask.png,1024,1024,1048576,12929,1.2330055236816406
zipper,broken_teeth,015_mask.png,1024,1024,1048576,16764,1.5987396240234375
zipper,broken_teeth,016_mask.png,1024,1024,1048576,10466,0.9981155395507812
zipper,broken_teeth,017_mask.png,1024,1024,1048576,22953,2.1889686584472656
zipper,broken_teeth,018_mask.png,1024,1024,1048576,20021,1.9093513488769531
zipper,combined,000_mask.png,1024,1024,1048576,124057,11.830997467041016
zipper,combined,001_mask.png,1024,1024,1048576,45708,4.3590545654296875
zipper,combined,002_mask.png,1024,1024,1048576,35800,3.414154052734375
zipper,combined,003_mask.png,1024,1024,1048576,14596,1.3919830322265625
zipper,combined,004_mask.png,1024,1024,1048576,29491,2.812480926513672
zipper,combined,005_mask.png,1024,1024,1048576,43374,4.136466979980469
zipper,combined,006_mask.png,1024,1024,1048576,35639,3.3987998962402344
zipper,combined,007_mask.png,1024,1024,1048576,28733,2.740192413330078
zipper,combined,008_mask.png,1024,1024,1048576,28084,2.6782989501953125
zipper,combined,009_mask.png,1024,1024,1048576,30397,2.898883819580078
zipper,combined,010_mask.png,1024,1024,1048576,29118,2.7769088745117188
zipper,combined,011_mask.png,1024,1024,1048576,43147,4.114818572998047
zipper,combined,012_mask.png,1024,1024,1048576,50348,4.8015594482421875
zipper,combined,013_mask.png,1024,1024,1048576,30725,2.930164337158203
zipper,combined,014_mask.png,1024,1024,1048576,54298,5.178260803222656
zipper,combined,015_mask.png,1024,1024,1048576,74095,7.066249847412109
zipper,fabric_border,000_mask.png,1024,1024,1048576,8443,0.8051872253417969
zipper,fabric_border,001_mask.png,1024,1024,1048576,10169,0.9697914123535156
zipper,fabric_border,002_mask.png,1024,1024,1048576,3356,0.3200531005859375
zipper,fabric_border,003_mask.png,1024,1024,1048576,7338,0.6998062133789062
zipper,fabric_border,004_mask.png,1024,1024,1048576,19333,1.8437385559082031
zipper,fabric_border,005_mask.png,1024,1024,1048576,20771,1.9808769226074219
zipper,fabric_border,006_mask.png,1024,1024,1048576,21128,2.014923095703125
zipper,fabric_border,007_mask.png,1024,1024,1048576,17483,1.6673088073730469
zipper,fabric_border,008_mask.png,1024,1024,1048576,21707,2.070140838623047
zipper,fabric_border,009_mask.png,1024,1024,1048576,25468,2.4288177490234375
zipper,fabric_border,010_mask.png,1024,1024,1048576,14945,1.4252662658691406
zipper,fabric_border,011_mask.png,1024,1024,1048576,22012,2.0992279052734375
zipper,fabric_border,012_mask.png,1024,1024,1048576,26526,2.5297164916992188
zipper,fabric_border,013_mask.png,1024,1024,1048576,11335,1.0809898376464844
zipper,fabric_border,014_mask.png,1024,1024,1048576,10033,0.9568214416503906
zipper,fabric_border,015_mask.png,1024,1024,1048576,23740,2.2640228271484375
zipper,fabric_border,016_mask.png,1024,1024,1048576,36535,3.4842491149902344
zipper,fabric_interior,000_mask.png,1024,1024,1048576,21085,2.010822296142578
zipper,fabric_interior,001_mask.png,1024,1024,1048576,29792,2.8411865234375
zipper,fabric_interior,002_mask.png,1024,1024,1048576,27767,2.6480674743652344
zipper,fabric_interior,003_mask.png,1024,1024,1048576,8333,0.7946968078613281
zipper,fabric_interior,004_mask.png,1024,1024,1048576,10311,0.9833335876464844
zipper,fabric_interior,005_mask.png,1024,1024,1048576,10745,1.0247230529785156
zipper,fabric_interior,006_mask.png,1024,1024,1048576,25243,2.407360076904297
zipper,fabric_interior,007_mask.png,1024,1024,1048576,1669,0.15916824340820312
zipper,fabric_interior,008_mask.png,1024,1024,1048576,28965,2.762317657470703
zipper,fabric_interior,009_mask.png,1024,1024,1048576,20360,1.941680908203125
zipper,fabric_interior,010_mask.png,1024,1024,1048576,23624,2.252960205078125
zipper,fabric_interior,011_mask.png,1024,1024,1048576,31063,2.9623985290527344
zipper,fabric_interior,012_mask.png,1024,1024,1048576,11609,1.1071205139160156
zipper,fabric_interior,013_mask.png,1024,1024,1048576,27170,2.5911331176757812
zipper,fabric_interior,014_mask.png,1024,1024,1048576,16500,1.5735626220703125
zipper,fabric_interior,015_mask.png,1024,1024,1048576,14404,1.3736724853515625
zipper,rough,000_mask.png,1024,1024,1048576,32084,3.0597686767578125
zipper,rough,001_mask.png,1024,1024,1048576,43555,4.153728485107422
zipper,rough,002_mask.png,1024,1024,1048576,48699,4.644298553466797
zipper,rough,003_mask.png,1024,1024,1048576,75688,7.218170166015625
zipper,rough,004_mask.png,1024,1024,1048576,50693,4.834461212158203
zipper,rough,005_mask.png,1024,1024,1048576,51795,4.939556121826172
zipper,rough,006_mask.png,1024,1024,1048576,90344,8.615875244140625
zipper,rough,007_mask.png,1024,1024,1048576,38668,3.6876678466796875
zipper,rough,008_mask.png,1024,1024,1048576,50664,4.831695556640625
zipper,rough,009_mask.png,1024,1024,1048576,35886,3.4223556518554688
zipper,rough,010_mask.png,1024,1024,1048576,25591,2.4405479431152344
zipper,rough,011_mask.png,1024,1024,1048576,25415,2.4237632751464844
zipper,rough,012_mask.png,1024,1024,1048576,68127,6.497097015380859
zipper,rough,013_mask.png,1024,1024,1048576,31153,2.9709815979003906
zipper,rough,014_mask.png,1024,1024,1048576,30643,2.922344207763672
zipper,rough,015_mask.png,1024,1024,1048576,60403,5.760478973388672
zipper,rough,016_mask.png,1024,1024,1048576,27834,2.6544570922851562
zipper,split_teeth,000_mask.png,1024,1024,1048576,41740,3.9806365966796875
zipper,split_teeth,001_mask.png,1024,1024,1048576,26928,2.56805419921875
zipper,split_teeth,002_mask.png,1024,1024,1048576,11804,1.1257171630859375
zipper,split_teeth,003_mask.png,1024,1024,1048576,36070,3.4399032592773438
zipper,split_teeth,004_mask.png,1024,1024,1048576,51602,4.921150207519531
zipper,split_teeth,005_mask.png,1024,1024,1048576,38722,3.6928176879882812
zipper,split_teeth,006_mask.png,1024,1024,1048576,34898,3.3281326293945312
zipper,split_teeth,007_mask.png,1024,1024,1048576,20534,1.9582748413085938
zipper,split_teeth,008_mask.png,1024,1024,1048576,12624,1.20391845703125
zipper,split_teeth,009_mask.png,1024,1024,1048576,22303,2.1269798278808594
zipper,split_teeth,010_mask.png,1024,1024,1048576,41854,3.9915084838867188
zipper,split_teeth,011_mask.png,1024,1024,1048576,20589,1.9635200500488281
zipper,split_teeth,012_mask.png,1024,1024,1048576,41878,3.9937973022460938
zipper,split_teeth,013_mask.png,1024,1024,1048576,29151,2.7800559997558594
zipper,split_teeth,014_mask.png,1024,1024,1048576,40224,3.8360595703125
zipper,split_teeth,015_mask.png,1024,1024,1048576,43971,4.193401336669922
zipper,split_teeth,016_mask.png,1024,1024,1048576,29432,2.806854248046875
zipper,split_teeth,017_mask.png,1024,1024,1048576,27417,2.6146888732910156
zipper,squeezed_teeth,000_mask.png,1024,1024,1048576,16355,1.5597343444824219
zipper,squeezed_teeth,001_mask.png,1024,1024,1048576,25896,2.469635009765625
zipper,squeezed_teeth,002_mask.png,1024,1024,1048576,17877,1.7048835754394531
zipper,squeezed_teeth,003_mask.png,1024,1024,1048576,12527,1.1946678161621094
zipper,squeezed_teeth,004_mask.png,1024,1024,1048576,8587,0.8189201354980469
zipper,squeezed_teeth,005_mask.png,1024,1024,1048576,7698,0.7341384887695312
zipper,squeezed_teeth,006_mask.png,1024,1024,1048576,6815,0.6499290466308594
zipper,squeezed_teeth,007_mask.png,1024,1024,1048576,18863,1.7989158630371094
zipper,squeezed_teeth,008_mask.png,1024,1024,1048576,15813,1.5080451965332031
zipper,squeezed_teeth,009_mask.png,1024,1024,1048576,15236,1.4530181884765625
zipper,squeezed_teeth,010_mask.png,1024,1024,1048576,49235,4.695415496826172
zipper,squeezed_teeth,011_mask.png,1024,1024,1048576,13429,1.2806892395019531
zipper,squeezed_teeth,012_mask.png,1024,1024,1048576,10562,1.0072708129882812
zipper,squeezed_teeth,013_mask.png,1024,1024,1048576,11726,1.1182785034179688
zipper,squeezed_teeth,014_mask.png,1024,1024,1048576,21545,2.0546913146972656
zipper,squeezed_teeth,015_mask.png,1024,1024,1048576,24688,2.35443115234375
